Tour Name,Type,Rating,Number of reviews,Price,Duration (hrs)
1 Day Private Mt Fuji Tour (Charter) - English Speaking Driver,Cable Car Tours,5.0,159,473.38,6.0
Mt Fuji and Hakone 1-Day Bus Tour return by Bullet Train (Shinkansen),Audio Guides,5.0,1292,141.09,6.0
Tokyo Full-Day Private Tour with Government-Licensed Guide,Public Transportation Tours,5.0,571,152.04,6.0
"Mt Fuji, Hakone Lake Ashi Cruise Bullet Train Day Trip from Tokyo",Bus Tours,4.0,652,133.94,6.0
Private Full Day Sightseeing Tour to Mount Fuji and Hakone guide,Bus Tours,5.0,286,647.98,6.0
Kart experience in Shinjuku drive metropolitan area **IDP must**,4WD Tours,4.5,125,137.56,1.5
1-Day Tokyo Bus Tour,Audio Guides,5.0,1669,111.39,9.5
DAIKOKU PA Tokyo Drift CAR MEET,Luxury Car Tours,5.0,13,144.8,5.5
Tokyo Bar Hopping Night Tour in Shinjuku,Spring Break,5.0,541,112.22,3.0
"Eat and Drink Like a LOCAL : Restaurant, Tavern & Ramen Tour",Food & Drink,5.0,412,119.46,3.0
Sushi Making Experience in Tokyo! Directly From a Sushi Chef!,Dinner,5.0,80,86.88,2.0
Tokyo Private Chauffeur Driving Sightseeing Tour - English Speaking Driver,Bus Tours,5.0,88,557.48,8.0
Private One Day Mt. Fuji - Lake Kawaguchiko Tour with Bilingual driver,Bus Tours,5.0,10,498.47,6.0
Tokyo Private Tour by Car / Van - Guide Option Available,Bus Tours,4.5,68,350.86,6.0
Ramen and Gyoza Cooking Class and Tokyo Local Supermarket,Food & Drink,5.0,255,94.25,2.5
Tokyo Night Foodie Tour in Shinjuku,Food & Drink,5.0,68,126.7,3.0
Tsukiji Fish Market Food and Culture Walking Tour,Food & Drink,5.0,448,100.0,3.0
Mt Fuji and Hakone 1-Day Bus Tour by Bus,Audio Guides,4.5,601,118.81,6.0
Tokyo Private Custom Walking Tour with Local Friendly Guide,City Tours,5.0,215,300.0,6.0
Private Tokyo Tour with a Local Guide: Tailored to Your Interests,Historical Tours,5.0,200,85.02,5.5
Small-Group Tokyo Biking Tour,Day Trips,5.0,761,101.36,6.5
"Enjoy local Tokyo E-assist Bicycle tour, 3hrs of ride start Kanda",Historical Tours,5.0,141,57.92,3.0
Shibuya All You Can Eat Best Food Tour,Food & Drink,5.0,47,205.0,4.0
Best of Shibuya Food Tour,Food & Drink,5.0,264,182.0,3.0
Official Street Go-Kart in Shibuya,Audio Guides,5.0,44,108.6,1.2
Izakaya Food Tour in Shinjuku,Food & Drink,5.0,129,111.86,3.5
Tokyo Half-Day Private Tour with Government-Licensed Guide,Public Transportation Tours,5.0,193,101.36,4.0
Mt Fuji Private Tour for Your Family only by CAR English Driver,4WD Tours,5.0,38,651.59,6.0
Challenge Sumo Wrestlers and Enjoy Lunch,Unique Experiences,4.5,50,104.98,2.0
Asakusa Classic Ramen & Crispy Gyoza Cooking Class,Food & Drink,5.0,20,95.57,3.0
Itasha trip to famous car meet up spot Daikoku Parking,Adventure Tours,5.0,46,89.78,2.5
Make Japanese Traditional Sweets and Tea Ceremony at Harajuku,Food & Drink,5.0,20,60.0,2.0
Shibuya Bar Hopping Night Food Walking Tour in Tokyo,Spring Break,5.0,303,107.15,3.0
Japanese Cuisine Experience in Tokyo (Temari-Sushi Making),Lunch,5.0,64,54.3,2.0
Tsukiji Fish Market Visit with Sushi Making Experience,Unique Experiences,5.0,103,135.0,4.0
Tokyo Studio Ghibli Museum and Ghibli Film Appreciation Tour,Art Tours,4.5,45,159.28,6.0
Tokyo Pub Crawl,Food & Drink,5.0,391,26.79,4.5
Luxury Ride trip to famous car meet up spot Daikoku,Adventure Tours,5.0,12,43.44,2.5
3-Hour Small-Group Sushi Making Class in Tokyo,Unique Experiences,5.0,61,73.85,3.0
Tokyo Countryside Tours,Bus Tours,5.0,32,289.6,8.5
Tokyo Skytree Admission Ticket (Floor 350 + 450),Skyscrapers & Towers,4.0,68,14.2,1.5
Private Mt. Fuji Custom Tour from Tokyo,Full-day Tours,4.0,5,543.0,6.0
Private arrival Transfer from Haneda Airport(HND) to central Tokyo city,Transportation Services,4.5,7,133.94,0.7
Private Full-Day Mt Fuji Hakone Tour with English driver by Car,Full-day Tours,4.5,56,492.31,6.0
"Mt Fuji, Hakone, Lake Ashi Cruise 1 Day Bus Trip from Tokyo",Bus Tours,3.5,139,108.6,6.0
Mount Fuji and Hakone Private Tour with english speaking Guide,4WD Tours,4.5,27,723.99,6.0
Small Group Cycling Tour in Tokyo,Adventure Tours,5.0,30,54.3,4.5
Tsukiji Food Tour & Toyosu Market with Government-Licensed Guide,City Tours,4.5,36,101.36,4.0
Full-Day Private Tour of Mt. Fuji with Pick Up,Bus Tours,5.0,2,745.71,9.0
Small-Group Wagyu Beef and 7 Japanese Dishes Tokyo Cooking Class,Unique Experiences,5.0,61,73.85,3.0
One Day Private Tour Nikko Tochigi only for Your Family by car,Full-day Tours,4.5,10,673.32,11.0
3-Hours Tokyo Local Bar & Izakaya Crawl in Shinjuku Area,Food & Drink,5.0,33,43.44,3.0
Unique Private Cooking Class with a Tokyo Local Emi,Unique Experiences,5.0,23,80.0,3.0
Private custom tour with a local guide Tokyo,Historical Tours,4.5,32,74.26,5.0
Half Day Sightseeing Tour in Tokyo,Audio Guides,4.5,49,575.58,3.5
Nikko one day trip from Tokyo private charter guide,Adventure Tours,4.5,10,493.4,6.0
Private Full-Day Hakone and Mt. Fuji Tour with Bilingual driver,Bus Tours,4.5,34,86.88,6.0
Asakusa: 1400-year history exploration,Historical Tours,5.0,46,137.56,3.5
Official Street Go-Kart Tour - Tokyo Bay Shop,Go Kart,5.0,124,66.61,1.5
Tsukiji Fish Market Walking Food Tour,Food & Drink,4.5,59,217.2,3.0
Tokyo Narita Airport (NRT) Transfer - Private Transfer,Transportation Services,4.5,8,70.95,1.2
Tokyo Samurai experience,Sports Lessons,5.0,9,86.88,1.0
Akihabara Anime & Gaming Adventure Walking Tour,Private and Luxury,5.0,96,181.0,3.0
"90-Min Premium Shinobi Samurai Experiece in Asakusa Dojo, Tokyo",Unique Experiences,5.0,10,114.39,1.5
3-Hour Japanese Cooking Class & Walking in Todoroki Valley,Food & Drink,5.0,21,108.6,3.0
Tokyo Haneda Airport (HND) Transfer - Private Transfer,Transportation Services,5.0,6,107.69,0.8
Watch Morning Practice at a Sumo Stable in Tokyo,Sports Lessons,4.0,49,74.26,1.0
Shinjuku Nightlife Walking Tour & Golden-Gai Bar Crawl,Food & Drink,5.0,26,868.79,2.0
1 Day private car/van Nikko sightseeing tour with “English Speaking Driver”,Car Tours,5.0,9,181.0,5.5
Comprehensive SAMURAI course at a real dojo(Iai・Gekken・Test cutting）,Martial Arts Classes,5.0,9,14.48,1.5
Tokyo Walking Tour with Licensed Guide Shinjuku,Historical Tours,5.0,74,86.88,1.0
Tokyo West-Side Cycling & Food Tour,Bike Tours,5.0,99,469.51,3.5
Private One Day Nikko Tour with Bilingual driver,Bus Tours,4.5,4,1194.59,6.0
Private Tour: Chartered Car to Mt. Fuji Lake Kawaguchiko or Hakone and Lake Ashi,Bus Tours,5.0,107,186.07,10.5
Private Custom Tour: Tokyo in a Day,Bus Tours,5.0,267,188.0,6.0
Kabukicho Izakaya Food Tour and Golden Gai Experience in Shinjuku,Adventure Tours,5.0,107,101.36,3.0
Tokyo Tsukiji Outer Market Walking Tour and Rolled Sushi Class,Bus Tours,5.0,152,202.19,3.0
DAIKOKU excursion by car DRIFT automobile encounter,Adventure Tours,5.0,6,181.0,4.0
TOKYO & DAIKOKU PA (Car Enthusiasts Meeting Place) Open Car Tour.,Adventure Tours,5.0,7,72.4,3.5
Experience Old and Nostalgic Tokyo: Yanaka Walking Tour,Food & Drink,5.0,201,122.36,3.5
Sumo Tournament Experience in Tokyo,Sporting Event Tickets & Passes,5.0,5,33.67,4.0
Explore the Hidden Local Bars in Shinjuku - 3.5 Hours,Food & Drink,4.5,10,124.0,3.5
A 90 min. Tea ceremony Workshop In The Authentic Tea Room,Unique Experiences,5.0,36,137.56,36.0
Enjoy a Japanese Cooking Class with a Humorous Local Satoru in his Tokyo Home,Food & Drink,5.0,4,401.82,2.5
Half Day Rural E-Bike Tour in Hida,E-Bike Tours,5.0,61,70.0,3.5
Private One Day Tokyo City Tour with Bilingual driver,Bus Tours,4.0,19,144.8,6.0
Vegan/Vegetarian Ramen and Gyouza,Food & Drink,5.0,33,190.71,2.5
Tokyo Private Sightseeing Tour by Bike with Water Bus,City Tours,5.0,2,110.0,6.0
Akihabara Private Anime & Gaming Food Tour Tailored To Your Taste,Shopping Tours,4.5,4,29.3,4.0
Sumo Morning Practice Tour at Stable in Tokyo,City Tours,5.0,37,52.13,2.0
Japanese Pottery Class in Tokyo,Craft Classes,5.0,1,94.12,1.0
Tokyo Go-Kart Rental with Local Guide from Akihabara,Unique Experiences,5.0,3,126.7,1.5
"Mt. Fuji, Mt Fuji Panoramic Ropeway & Seasonal Fruits Picking",Bus Tours,5.0,1,72.4,6.0
Tokyo Sumo Morning Practice Tour in Ryogoku with Sumo Lunch,Private and Luxury,5.0,122,195.48,3.5
Tokyo downtown bicycle tour Tokyo Backstreets Bike Tour,City Tours,5.0,39,108.6,4.0
1-Day Rural E-Bike Tour in Hida,E-Bike Tours,5.0,168,145.0,6.0
Japanese Archery (Kyudo) Experience in Tokyo,Shooting Ranges,4.0,8,448.88,2.0
Tsukiji and Asakusa Food and Drink Cultural Walking Tour (Half day),Unique Experiences,5.0,24,130.32,5.5
1 Day Private Tokyo Sightseeing Tour Car/Van with “English Speaking Driver”,City Tours,4.5,25,101.36,6.0
Freely set up plans Guided Private Tours in Tokyo,Rail Tours,5.0,28,123.08,7.0
Tokyo Food & Culture Half-Day Private Tour with Government-Licensed Guide,City Tours,5.0,11,100.0,4.0
Ramen Tasting - Mini Bowl Ramen Tour,Food & Drink,5.0,19,70.95,3.0
Shinjuku Izakaya and Golden gai bar hopping tour,Spring Break,5.0,16,109.0,3.0
Tasting ALL TYPES of Sake with seminar,Food & Drink,5.0,84,130.32,1.5
"REAL, All-Inclusive Tokyo Food and Drink Adventure (leave the tourists behind)",Food & Drink,4.5,6,108.6,3.0
2-Hour Genuine Samurai Experience Through Kendo in Tokyo,Unique Experiences,5.0,44,250.0,2.0
Tokyo Private Custom Tour with Local Guide,Photo Shoots,5.0,2,1158.39,5.0
Tuna Cutting Show in Tokyo & Unlimited Sushi & Sake,Food & Drink,5.0,8,110.0,2.5
Private Car Mt Fuji and Gotemba Outlet in One Day from Tokyo,Shopping Tours,5.0,18,1194.59,10.5
2-Hour Tokyo Night Small Group Guided Cycling Tour,Bike Tours,5.0,39,86.88,2.0
Sumo Wrestling Tournament Experience in Tokyo,Private and Luxury,5.0,24,152.04,3.5
"Private tour: Chartered car from Tokyo to Nikko, Toshogu, Edo Wonderland etc",Bus Tours,5.0,6,135.12,6.0
Ebisu Local Food Tour: Shibuya's Most Popular Neighborhood,Unique Experiences,5.0,7,115.84,3.0
Edo Tokyo & Japanese Culture Tour with Government Licensed Guide,Public Transportation Tours,5.0,82,99.91,6.0
Secret Food Tours Tokyo w/ Private Tour Option,Food & Drink,5.0,8,108.6,3.5
Shinjuku Food and Drink Walking Tour,Food & Drink,5.0,23,96.79,4.5
Fish Market Food Tour in Tokyo,Food & Drink,5.0,1,56.47,2.5
Mt. Fuji & Hakone 1 Day Bus Tour From Tokyo Station Area,Historical Tours,4.5,37,868.79,6.0
Tokyo Walking Tours with a Local Guide: Private and Customized,Historical Tours,5.0,22,95.0,4.5
Let's experience calligraphy in YANAKA / Taito-ku / TOKYO !!,Japanese Lessons,5.0,18,65.16,1.0
"1 Day Private Tour Mt. Fuji, Hakone and Lake Ashi with English speaking driver.",Bus Tours,5.0,20,112.22,5.5
Travel Tokyo with Your Own Personal Photographer,Shopping Tours,5.0,31,651.6,1.0
Yanaka Historical Walking Tour in Tokyo's Old Town,Food & Drink,4.5,4,116.0,3.5
1-Day Tokyo Bus Tour with Lunch,Bus Tours,5.0,1,930.33,6.0
Mt. Fuji Private Sightseeing Tour with local: from Tokyo,4WD Tours,5.0,3,3000.0,9.5
Japanese Cooking and Udon Making Class in Tokyo with Masako,Dining Experiences,5.0,11,217.05,2.5
Mt.Fuji and Hakone Tour,Bus Tours,5.0,40,47.06,9.0
"4 Day Tour - Mount. Fuji, Tokyo, Hakone, Kamakura and Yokohama",Bus Tours,4.5,8,470.6,72.0
Sangenjaya Back Alleys Private Food and Drink Tour,Unique Experiences,5.0,5,579.2,4.0
Let's make kimono !（Kimono is a gift for you）,Art Classes,4.5,17,70.95,1.5
PRIVATE TRIP TO Mount Fuji Lake Kawaguchi Hakone (upto 9 person),Adventure Tours,5.0,13,90.5,8.5
1 Day Private Mt Fuji Sightseeing Tour Car/Van with “English Speaking Driver”,Audio Guides,5.0,3,700.0,5.5
Sake Tasting Class with a sake sommelier,Food & Drink,5.0,25,202.72,2.0
Home made Ramen and Gyoza dumplings Cooking Class,Cooking Classes,5.0,36,275.12,3.0
Private Mount Fuji Tour - Bilingual Chauffeur,Bus Tours,5.0,1,188.24,6.0
Kamakura Full-Day Private Trip (Tokyo departure) with Government-Licensed Guide,Public Transportation Tours,4.5,17,130.32,6.0
Tokyo private transfer for Narita Airport (NRT) - Toyota HIACE 9 seats,Transportation Services,5.0,5,9.0,1.2
Disneyland/Disneysea 1-Day Ticket & Private Morning Ride from Hotel in Tokyo!,Theme Parks,4.5,5,72.4,6.0
【NEW】 Sushi Making Experience + Asakusa Local Tour,Food & Drink,5.0,23,152.04,4.0
Tokyo Self-Guided Audio Tour,Historical Tours,5.0,9,94.12,12.5
"Authentic Kimono Culture Experience Dress, Walk, and Capture",Fashion Tours,5.0,5,97.02,2.5
The Best Family-Friendly Tokyo Tour with Government Licensed Guide,Public Transportation Tours,5.0,63,464.1,6.0
Tokyo Portrait Tour with a Professional Photographer,Rail Tours,4.5,11,584.99,1.5
Asakusa Cultural Walk & Matcha Making Tour,Food & Drink,4.5,12,101.36,3.0
1 Day Private Nikko World Heritage Tour (Charter) - English Speaking Driver,Bus Tours,5.0,1,700.0,11.0
Private Tokyo Tour with Government Licensed Guide & Vehicle (Max 7 persons),Bus Tours,5.0,8,115.84,6.0
Kawagoe Half-Day Private Trip with Government-Licensed Guide,Public Transportation Tours,5.0,33,209.28,4.0
Private Tokyo Sightseeing Tour - Bilingual Chauffeur,Bus Tours,3.5,6,106.34,6.0
Private Harajuku Omotesando Architecture Walking Tour,Architecture Tours,5.0,1,219.74,3.0
Tokyo Food Tours with a Local Foodie: Private & Customized to Your Tastes,Food & Drink,4.0,5,235.0,4.0
Private Departure Transfer : Central Tokyo City to Haneda Airport,Transportation Services,5.0,5,130.32,0.9
Tokyo Otaku Tour with a Local: 100% Personalized & Private,City Tours,4.5,3,86.88,4.0
Grand Sumo Tournament Tokyo - Osaka - Nagoya - Fukuoka,Historical Tours,5.0,5,65.16,4.0
Private departure transfer from Tokyo city to Tokyo Haneda Airport(HND),Transportation Services,5.0,2,55.0,0.7
Tokyo West-Side Classic Road Bike Tour,Likely To Sell Out,5.0,15,130.32,2.5
1 Hour Private Photoshoot in Tokyo,Rail Tours,5.0,6,119.46,1.0
Tokyo Like a Local: Customized Private Tour,Walking Tours,5.0,24,108.6,4.0
Akihabara Tailor-made Tour for Anime Fans,Movie Tours,5.0,8,65.16,3.5
"Elite Ninja 5 Basic Techs in Musashi Clan Asakusa Dojo, 90 min.",Unique Experiences,4.0,9,144.8,1.5
Official Street Go-Kart Tour in Asakusa,Go Kart,5.0,5,65.16,1.2
Kamakura & Enoshima - One Day Bus Tour,Bus Tours,5.0,2,86.88,6.0
Retreat Bus Tour Surrounded by beautiful Mt.Fuji,Full-day Tours,5.0,674,253.4,6.0
Manga Lesson with a Professional Japanese Manga Artist in Nakano,Historical Tours,5.0,4,50.0,2.0
Japanese Sweets (Mochi & Nerikiri) making at a Private Home in Tokyo,Food & Drink,5.0,8,36.2,2.5
Tokyo private transfer for Yokohama Port,Transportation Services,5.0,28,18.1,0.8
3-Hour Tokyo Pub Crawl Weekly Welcome Guided Tour in Shibuya,Spring Break,5.0,85,94.68,3.0
Shibuya Cycling Cruise,Bike Tours,5.0,1217,274.68,3.0
"Licensed Guide Walking Tour Featuring Club Warp Shinjuku, Tokyo, Japan",Art Tours,5.0,2,217.2,4.0
Tokyo Great Cycling Tour,Historical Tours,5.0,20,246.16,6.0
Personal Travel and Vacation Photographer Tour in Tokyo,Private and Luxury,5.0,1,70.0,2.0
Daikoku Tour & Tokyo’s Amazing JDM Car Meet,Full-day Tours,4.0,1,43.44,4.5
Experience of Samurai and Samurai license of Samurai Armor Photo Studio,Unique Experiences,5.0,14,7.24,1.5
Yanaka Walking Tour - Tokyo Old Quarter,Walking Tours,5.0,21,202.72,3.5
Tokyo Asakusa Rickshaw Tour,Unique Experiences,3.5,3,182.0,1.8
1-Hour Audio Guided Tour in Asakusa Tokyo,Historical Tours,5.0,1,97.74,1.0
Drive Tokyo & Daikoku PA. Special Rental Car with Lead Car Tour,Rentals,3.5,2,514.0,3.5
Kawaii Food Tour of Harajuku Tokyo,Fashion Shows,5.0,3,490.0,3.0
Ikebana Experience in Shinjuku,Art Classes,4.0,1,131.42,1.5
Mt. Fuji or Hakone Private Sightseeing Day Tour from Tokyo,Historical Tours,5.0,1,76.02,6.0
One Day Private Tour to Mount Fuji,4WD Tours,4.0,4,35.11,8.5
Highlights & Hidden Gems With Locals: Best of Tokyo Private Tour,Historical Tours,5.0,21,130.32,3.0
Mt Fuji Day Tour with Kawaguchiko Lake and Fifth Station,Full-day Tours,5.0,6,114.39,6.0
Traditional Glass Carving Experience in Tokyo,Craft Classes,5.0,3,23.89,1.5
Harajuku and Shibuya Evening Walking Tour,City Tours,5.0,24,86.88,2.5
Private departure transfer from Tokyo City to Narita International airport,Transportation Services,5.0,24,126.24,1.2
Private Handmade Ring Workshop Activity,Craft Classes,4.0,1,99.0,1.5
Exclusive Ramen Kitchen Experience,Food & Drink,5.0,3,298.29,1.0
Call Fukagawa Geisha to Join You on a Yakatabune Boat Trip,Historical Tours,5.0,4,176.0,2.0
Explore Tokyo Your Way: 6 Hours Private Customizable Walking Tour,Public Transportation Tours,5.0,13,716.75,6.0
Toyosu & Tsukiji tour with Sushi making workshop,Food & Drink,5.0,44,128.05,5.0
Small Group Tokyo Food Tour - A Journey Through Time Through Food,Public Transportation Tours,5.0,105,97.74,5.5
1 Day Private Charter Tokyo Sight Seeing Tour with guide,Bus Tours,5.0,2,202.72,6.0
The History of Tokyo: Sensoji Temple & Asakusa District Private Tour,Historical Tours,4.5,4,152.04,3.0
Ninja Samurai 2-hour hands-on lesson in English in Tokyo,Fun & Games,4.5,3,933.95,2.0
Authentic Geisha Performance and Entertainment including a Kaiseki Course Dinner,Food & Drink,4.5,28,123.08,2.5
Tokyo's Scariest Shitamachi Ghost Tour,Public Transportation Tours,5.0,1,100.0,3.0
Nikko private tour with English speaking guide,Historical Tours,5.0,6,10.86,6.0
Private Ueno Park Architecture Walking Tour,Architecture Tours,4.5,15,200.0,3.0
Experience Local Food and Drink on Sunamachi Ginza Delicatessen Street,Food & Drink,5.0,7,18.1,3.5
English Stand up Comedy Show,Comedy Shows,5.0,1,34.03,1.5
Tokyo Allstar Food Tour,Food & Drink,5.0,3,37.23,3.0
Licensed Guide Tokyo Meguro Cherry Blossom Walking Tour,Historical Tours,3.5,3,345.0,1.5
1 Day Pass at the Digital Amusement Park RED TOKYO TOWER,Attractions & Museums,5.0,45,700.0,1.8
Shared Arrival Transfer : Haneda Airport to Central Tokyo City,Transportation Services,5.0,15,164.11,2.0
Secrets of Sumo Culture,Historical Tours,5.0,3,115.84,4.0
Private Nikko Sightseeing Tour - Bilingual Chauffeur,Transportation Services,5.0,1,340.0,6.0
Private Tokyo Photography Walking Tour with a Professional Photographer,Art Classes,5.0,8,455.0,3.0
Japanese Whisky Tasting Experience at Local Bar in Tokyo,Spring Break,4.5,9,133.94,2.0
From Haneda Layover tour for 6 hours by train,Day Trips,5.0,7,162.9,6.0
Full-Day Private Tour to Discover The Best of Tokyo,Bus Tours,5.0,2,70.95,6.0
Savor Wagyu & Sake Pairing in Shinjuku,Food & Drink,5.0,2,169.61,3.0
 Full-Day Private Mt. Fuji Tour with Local Guide from Tokyo,Bus Tours,5.0,3,700.0,9.5
Toyosu Market Morning Tuna Auction and Tsukiji Food Tour with Licensed Guide,City Tours,5.0,19,30.41,3.0
"Experience all of Japanese culture and Japanese food experience classes ""origami, udon, Japanese food, green tea, calligraphy"" in 4 hours",Unique Experiences,5.0,8,238.92,4.0
The 10 Tastings of Tokyo With Locals: Private Street Food Tour,Food & Drink,5.0,18,94.12,3.0
Private Kamakura and Yokohama Tour - Bilingual Chauffeur,Bus Tours,4.0,6,716.75,6.0
Red Tokyo Tower Night Ticket,Skip the line Tickets,5.0,15,50.68,1.8
One Day Tour of Kamakura from Tokyo,Historical Tours,5.0,1,112.22,6.0
Samurai Training Tokyo Asakusa,Unique Experiences,5.0,4,164.55,1.0
Mt Fuji Private customize tour with English speaking guide,Bus Tours,5.0,1,125.25,6.0
東京下町自転車ツアー（ショートコース）Guided cycle tour (short) in the central Tokyo,City Tours,4.5,8,115.84,2.5
IAIDO SAMURAI ship experience with real SWARD and ARMER,Martial Arts Classes,3.5,6,152.04,1.5
Private Tokyo City Night Tour,Bus Tours,5.0,76,123.08,6.0
Hopping to members only bars & finding special Japanese whiskey in Tokyo!,Food & Drink,5.0,1,362.0,2.5
Private Ginza Architecture Walking Tour,Architecture Tours,1.0,1,152.04,3.0
Tokyo Food & Culture Full-Day Private Tour with Government-Licensed Guide,City Tours,5.0,17,868.79,6.0
Full Day Hiking Tour at Mt.Takao including Hot Spring,Hiking Tours,5.0,2,347.52,5.5
"Tokyo 6 hour Tour : English Speaking Driver Only, No guide",Bus Tours,5.0,4,72.0,6.0
Tokyo Off the Beaten Path Full-Day Private Tour with Government-Licensed Guide,Public Transportation Tours,5.0,32,16.09,6.0
"Tokyo Tour, from/to, Yokohama City, Tokyo City and TDR Area",Bus Tours,5.0,19,62.26,7.5
Samurai Armor Photo Shoot in Shibuya,Rail Tours,5.0,2,125.9,2.0
TOKYO Oishi Park & Oshinohakkai & Koedo Kawagoe & Fuji Mouontain,Full-day Tours,5.0,3,86.88,6.0
Unlimited WiFi Router - Haneda Airport T3 (Tokyo) Pickup,Rentals,4.5,116,21.72,396.0
Kintsugi Experience in Tokyo,Pottery Classes,5.0,17,313.91,1.0
Traditional Japanese Cooking Class at Mayuko's Home in Tokyo,Food & Drink,5.0,2,450.0,3.0
Hakone Day Tour with Lake Ashi cruise and Ohwakudani,Boat Tours,5.0,68,66.61,6.0
Japanese calligraphy & making an original folding fan workshop!,Craft Classes,3.5,3,224.44,3.0
Tokyo Layover Tour with a Local: Private and Tailored to Your Needs,City Tours,5.0,10,118.01,7.0
Fukushima Daiichi Nuclear Power Plant visit 2 day tour from Tokyo,Bus Tours,5.0,5,107.51,48.0
Enjoy plus size Kimono,Art Classes,5.0,3,209.28,3.0
Tsukiji Outer Market and Sushi Making Private Tour,Food & Drink,4.5,23,101.36,5.0
 Nikko Scenic Spots and UNESCO Shrine - Full Day Bus Tour from Tokyo,Bus Tours,4.0,2,63.71,6.0
Photoshoot with Professional Photographer in Tokyo,Unique Experiences,5.0,1,46.59,1.5
Private Half Day Tokyo Tour with a Local: Highlights & Hidden Gems- Custom,City Tours,5.0,21,127.18,4.0
Half-day Kawaii Tour in Harajuku,Shopping Tours,5.0,21,471.32,4.0
"Flower Arrangement ""Ikebana"" in YANAKA / Taito-ku / TOKYO.",Art Classes,4.5,12,760.19,1.5
Kazui's Kabuki Talk,Historical Tours,5.0,12,137.56,1.5
Tokyo by Night: Japanese Food and Drinks Experience,Food & Drink,5.0,5,202.72,3.5
Private Tokyo Night Tour,Bus Tours,5.0,1,47.06,3.5
"Mt. Fuji Area Tour Tokyo DEP: English Speaking Driver, No Guide",Bus Tours,5.0,22,63.71,6.0
wagyu & sake pairing experience,Food & Drink,5.0,2,152.04,2.0
Tokyo By Night,Walking Tours,5.0,33,1266.99,2.5
Samurai performance show,Sports Lessons,5.0,1,83.26,1.0
EDOCCO Teahouse,Craft Classes,5.0,16,181.0,1.0
Tokyo Full-Day Instagram Highlights Private Tour with Government-Licensed Guide,Public Transportation Tours,5.0,13,199.1,6.0
Mt.Fuji Trekking 1 Day Tour up to the summit,Full-day Tours,5.0,1,193.0,14.0
Adventurous Japanese Food Tour,Unique Experiences,5.0,14,202.18,2.0
Free Choice of Itineraries Tokyo Private Tour,Rail Tours,5.0,1,65.15,6.0
Authentic Pure Gold Kintsugi Workshop with Master Taku in Tokyo,Pottery Classes,5.0,1,101.36,2.0
"Asakusa, Tokyo's #1 Family Food Tour",Food & Drink,5.0,54,41.99,3.0
Private Customizable Walking Tour of Tokyo,Public Transportation Tours,4.0,3,16.09,6.0
Private City Kickstart Tour: Tokyo,City Tours,5.0,8,79.64,1.5
Japanese Calligraphy Experience with a Calligraphy Master,Art Tours,5.0,26,119.46,2.0
Food & Drinks Bar Tour- Discover Unique Tokyo Nightlife,Food & Drink,4.5,3,86.03,4.5
Japan Unlimited WiFi Router - Free Delivery to Anywhere in Japan,Rentals,5.0,12,25.34,396.0
Ninja 1-hour hands-on lesson in English in Tokyo,Fun & Games,5.0,9,5.43,1.0
IKEBANA experience,Craft Classes,5.0,2,209.96,1.5
Stroll through Tokyo’s Kitchen: Smells & Sights of the Tsukiji Fish Market,Food & Drink,5.0,9,108.6,2.5
Tsumami-Zaiku Fabric Craft Activity,Craft Classes,5.0,3,200.0,2.0
Family and Beginner Friendly Origami Experience in Asakusa,Craft Classes,5.0,1,304.08,0.8
Grand Sumo Tournament Tour in Tokyo,Historical Tours,5.0,4,58.64,6.0
Blade Runner Shots in Shibuya with Laurence Bouchard,Photo Shoots,5.0,4,94.12,2.0
Tokyo Private Tours(various options),Day Trips,4.5,3,16.73,5.5
Tokyo 6 hours Customized Private Tour,Public Transportation Tours,5.0,6,311.32,6.0
Authentic Zen Experience at temple in Tokyo,Walking Tours,5.0,29,202.72,1.5
Tokyo Grand Sumo Tournament Viewing Tour,Extreme Sports,5.0,7,36.2,5.5
NIKKO PASS World Heritage Area,Sightseeing Passes,5.0,1,327.75,36.0
Nikko Full-Day Private Walking Tour with Government-Licensed Guide (Tokyo DEP.),Public Transportation Tours,5.0,12,1071.51,9.5
Tokyo Metropolis,Architecture Tours,4.5,2,37.23,2.5
"""Nippori Fabric Town"" Walking Tour",Fashion Tours,5.0,45,43.44,2.0
Private Tokyo Food Tour - A Journey Through Time Through Food,Public Transportation Tours,5.0,3,60.02,5.5
Tokyo Private Car Tour: Professional Guide and Driver/Optional airport xfer,Bus Tours,5.0,2,57.92,6.0
Shared Departure Transfer : Central Tokyo Hotel to Haneda Airport,Transportation Services,5.0,2,78.19,2.0
Traditional Japanese Music ZAKURO SHOW in Tokyo,Acoustic Concerts,5.0,2,5.79,1.0
Explore the Hidden Local Bars in Shibuya - 3.5 Hours,Food & Drink,5.0,2,79.64,3.5
Discover Japanese Tea Blending Techniques in Tokyo,Food & Drink,5.0,1,61.54,2.0
Let's Shodo (Japanese calligraphy) !!,Unique Experiences,5.0,4,94.12,1.5
"YANAKA home cooking experience, homely and local style.",Food & Drink,5.0,45,32.58,2.0
Tokyo Fuji Art Museum Admission Ticket + Special Exhibition (when being held),Museums,5.0,6,850.0,2.5
Understanding Japanese Culture Mythology and Lifestyle Through Study of Shinto,Unique Experiences,5.0,1,89.99,3.0
"3-hour Tokyo Good Old Bike Tour - Cycling to the Old towns, Asakusa & Ueno",City Tours,5.0,4,36.2,3.1
A typical evening in Shinjuku,Nightlife,5.0,2,21.72,3.0
Tattoo-friendly open-air Onsen & drink,Onsens,5.0,3,185.64,1.5
Full Day Tour in Mt Fuji and Kawaguchiko - up to 13 Travelers,Bus Tours,5.0,20,651.59,6.0
3-Hour Guided Musubi Japanese Home Cooking Class,Food & Drink,4.0,28,195.0,2.5
Licensed Guide Shinjuku Underground Mall Tour (Tokyo),Shopping Tours,5.0,1,188.24,3.0
"English Stand up Comedy Show in Tokyo ""My Japanese Perspective""",Public Transportation Tours,5.0,3,133.94,1.5
Private Photo shooting for Family Photos in Tokyo!,Photo Shoots,5.0,2,20.42,1.0
Tokyo Private Day Tour by Car with English speaking Driver Guide,Shopping Tours,5.0,1,120.0,6.0
Kimono in Asakusa,Photo Shoots,5.0,41,320.0,3.0
1 Hour Travel around Tokyo with a Professional Photographer,Photo Shoots,5.0,8,238.19,1.0
Private Tokyo Local Food and Drink Tour with a Bar Hopping Master,Food & Drink,5.0,1,52.79,2.0
"Refreshing in Asakusa! Tile-breaking / kawara smash in Asakusa, Tokyo",Unique Experiences,5.0,20,123.08,0.5
LGBT Tokyo Then and Now,Food & Drink,5.0,1,36.2,3.0
Fukushima Exclusion Zone Day Tour from Tokyo,Bus Tours,5.0,38,392.39,6.0
Private tour: Tokyo's Oldest Sake Brewery and riverside walk.,Spring Break,5.0,1,83.26,6.0
Tokyo Haneda Airport (HND) to Tokyo hotel or address - Arrival Private Transfer,Transportation Services,5.0,11,371.41,0.4
Sushi Making Studio mini,Food & Drink,5.0,1,224.44,2.5
[30 minutes] Asakusa ancient trip plan by rickshaw ~ Tour of Tokyo Sky Tree,City Tours,5.0,9,108.6,0.5
Kamakura Day Trip from Tokyo with a Local: Private & Personalized,City Tours,5.0,8,49.96,6.0
Food Crawl Tour in Asakusa,Food & Drink,5.0,3,112.22,2.5
1-Day Kyoto Rail Tour by Bullet Train from Tokyo,Bus Tours,5.0,6,152.04,6.0
Hakone Full-Day Private Tour By Public Transportation,Rail Tours,5.0,17,48.0,6.0
Private Day Tour In Tokyo with a Native English Speaker,Rail Tours,5.0,6,76.02,6.5
Sushi Nigiri Experience + Japanese Sake Drinking Set in Tokyo,Food & Drink,5.0,6,121.63,2.0
2hours kendo experience in Tokyo,Sports Lessons,5.0,6,66.21,2.0
Tokyo Neon Night Tour: Say Kanpai (Cheers) in Shinjuku’s Red Light District,Food & Drink,5.0,3,181.0,3.0
Tokyo Japanese Garden Lover's Private Tour with Government-Licensed Guide,Public Transportation Tours,5.0,1,334.84,6.0
Private Half-Day Tour Colorful and Busy Street in Central Tokyo,Shopping Tours,5.0,2,279.91,4.0
Harajuku Kawaii Fashion & Pop-culture Tour,Fashion Shows,5.0,2,1049.79,3.0
Vegetarian Ramen and Gyoza!,Food & Drink,5.0,1,289.6,3.0
Best of Tokyo's Shopping & Food: Japanese Traditions Experience,Food & Drink,5.0,1,252.67,3.0
"Cherry Blossom highlights, Asakusa, Ueno, Imperial Palace Garden",Rail Tours,5.0,2,170.14,7.5
Private Custom Day In Tokyo: Secrets and Highlights with a Local Guide,City Tours,5.0,2,54.3,6.0
"Tokyo Family Tour with a Local Guide, Private & Tailored to You",City Tours,5.0,1,72.4,4.0
Private Custom Tokyo Tour VIP,Bus Tours,5.0,2,669.7,6.0
Hakone Full-Day Private Tour(Tokyo DEP.) with Government-Licensed Guide,Cable Car Tours,5.0,1,202.72,6.0
Ikebukuro Food Tour With Master Guide Family Friendly Experience,Food & Drink,5.0,2,231.68,4.0
"Hakone Private One Day Tour From Tokyo: Mt Fuji, Lake Ashi, Hakone National Park",Bus Tours,5.0,4,173.76,6.0
One Day Highlights Tour of Tokyo including Shibuya Sky Tickets,City Tours,5.0,1,673.32,6.0
Discover the wonders of Edo Tokyo on this amazing small group tour!,Historical Tours,5.0,2,543.0,4.0
Old Town Tokyo: Shinagawa-Juku Walking Tour,Historical Tours,5.0,1,185.0,3.0
Tokyo Private Tour,Bus Tours,5.0,1,152.04,6.0
8-hour Tokyo tour by qualified tour guide using public transport,Full-day Tours,5.0,1,463.36,6.0
Nikko Private Tour by public transportation,Historical Tours,5.0,1,558.2,6.0
Tokyo Custom Full Day Tour,Public Transportation Tours,5.0,1,201.43,6.0
Mount Fuji Highlights Full Day Private Trip from Tokyo,Historical Tours,5.0,1,170.86,9.0
Mount Fuji & Hokane Lakes with English-speaking Guide,4WD Tours,5.0,1,575.58,9.0
Harajuku Private Family Friendly Food Tour Tailored To Your Taste,Food & Drink,4.0,1,616.12,4.0
Tokyo Shopping Street Hopping Private Tour with Government Licensed Guide,Public Transportation Tours,3.5,3,99.55,6.0
1 Day Tokyo Private Tour with English Speaking Guide,Full-day Tours,3.5,2,120.0,8.5
Tokyo Layover 5 Hours Private Tour,Bus Tours,3.5,2,313.91,5.0
"Tokyo Sake Tour with a Local Guide, Private & Tailored to Your Taste",Food & Drink,2.5,12,119.46,3.0
Mt Fuji and Hakone 1 Day Bus Tour from Tokyo,Audio Guides,3.0,1,28.96,6.0
Private Tour Kamakura and Enoshima With English Speaking Guide,Bus Tours,3.0,1,28.96,6.0
Cherry Blossom Private Tour,Bus Tours,2.0,1,165.0,4.0
Tokyo Custom Half Day Tour,Public Transportation Tours,1.0,1,104.98,4.0
Tokyo Sumo Morning Practice Tour with Audio Guide,Historical Tours,1.0,1,550.0,2.0
Tokyo's Unique & Unusual Tour with a Local: 100% Personalized & Private,City Tours,1.0,1,83.26,4.0
Ultimate One-day Tokyo Must-sees Tour with Photographer,Food & Drink,1.0,1,106.34,7.5
Discovering Shibuya,Historical Tours,5.0,26,57.92,2.0
Licensed Guide Shinjuku Dramatic Tour (Tokyo),Historical Tours,5.0,21,133.94,2.0
Tokyo City Private Departure Transfers to Yokohama Port,Transportation Services,5.0,12,95.57,1.0
[Tokyo Skytree Town] Sumo Wrestler's Morning Practice Tour,Likely To Sell Out,5.0,29,94.12,2.0
Tokyo to Kyoto 1-Full Day Private Guided Tour,Historical Tours,4.5,13,115.84,6.0
[70 minutes] A relaxing plan to enjoy Asakusa with a rickshaw. We also accept requests.,City Tours,5.0,15,159.28,1.5
Tokyo DisneyLand Private Transfer : from Tokyo to DisneyLand (One Way),Transportation Services,5.0,7,94.12,1.0
Half-Day Local Cycling Tour on a High-end Cross Bike in Tokyo,Historical Tours,5.0,14,58.64,5.0
Mt. Fuji & Hakone Bullet Train 1 Day Tour From Tokyo Station Area,Historical Tours,5.0,11,57.08,6.0
Samurai Experience in Tokyo / SAMURAI've,Sports Lessons,5.0,14,108.6,1.0
Discover Tokyo with your Own Personal Photographer,Photo Shoots,5.0,5,333.04,4.0
Meet and Greet in Haneda Airport,Transportation Services,5.0,3,104.98,2.0
Tokyo private transfer for Haneda Airport (HND) - Toyota HIACE 9 seats,Transportation Services,5.0,7,289.6,0.8
"[Complete Series] Complete Tokyo City in 1 Day, See All 15 Sight!",Historical Tours,5.0,5,72.4,6.0
Learn How to Make Beautiful and Delicious Wagashi Sweets in Tokyo,Craft Classes,5.0,9,179.46,1.5
Japanese fermented food class,Food & Drink,4.5,9,144.8,3.5
Mt Fuji and Ashinoko with Hakone Sightseeing Cruise 1 Day Tour,Bus Tours,5.0,2,549.35,6.0
Private Asakusa and Ryogoku Walking Tour with Sumo Wrestler,City Tours,5.0,4,231.68,2.5
Mt. Fuji & Hakone 1 Day Tour From Tokyo (Return by bullet train in option）,Audio Guides,5.0,3,86.01,6.0
Mt. Fuji Five Lakes Area Private Day Trip with Licensed Guide (Tokyo Dept),Public Transportation Tours,5.0,3,86.88,6.0
Mochi Making at a Private Home in Tokyo,Food & Drink,5.0,3,181.0,2.5
Experience Izakaya With A Mini Food Tour Of Tokyo,Food & Drink,5.0,3,144.8,3.0
Private Half-Day Grand Bike Tour in Tokyo,Historical Tours,5.0,3,9556.73,5.5
Mount Fuji Day Trip from Tokyo with a Local: Private & Personalized,City Tours,5.0,2,86.88,6.0
Private Full-Day Tokyo Tour Including 5 Popular Spots,Historical Tours,5.0,2,72.4,6.0
7 Kinds of Japanese Tea Tasting Experience,Food & Drink,5.0,2,99.91,1.5
Mt. Fuji Flower Festival Tour with Ropeway Experience from Tokyo,Full-day Tours,5.0,2,219.74,6.0
Tuna auction at Toyosu Market with qualified guide and early morning tour of Tsukiji Outer Market,Food & Drink,5.0,1,121.63,3.0
Private Asakusa Sightseeing and Tsukiji Food Tour,Food & Drink,5.0,2,92.82,6.0
Private Haneda International Airport Transfers(HND) for Tokyo 23,Transportation Services,4.5,2,86.88,0.5
"From Tokyo: Nikko Toshogu Shrine, Kegon waterfall and Lake Chuzenji",Historical Tours,5.0,1,54.3,6.0
"[Complete Series] Complete Tokyo City in 1 Day, See All 10 Sight!",Rail Tours,4.0,6,74.44,6.0
"Mt. Fuji 5th Station, Owakudani Ropeway, Pirate Ship plus Outlet shopping!",Full-day Tours,5.0,1,57.92,6.0
Shinjuku Bar Hopping Night Tour (Where Locals always go) in tokyo,Food & Drink,5.0,1,72.4,3.5
Shore Excursion: Day Trip To Tokyo From Yokohama Port,Shore Excursions,5.0,1,62.08,6.0
Tokyo Tea Ceremony Experience,Food & Drink,5.0,1,115.84,1.0
Ramen Making with a Chef,Food & Drink,5.0,1,97.99,2.5
guided japanesefood tour in shibuya(tokyo),Food & Drink,5.0,1,527.54,2.5
【NEW!】Cooking Class in ASAKUSA! Making Sushi!,Food & Drink,5.0,1,28.96,2.0
Make your own BONSAI with a professional artist in Tokyo,Rail Tours,5.0,1,31.86,2.0
Shared Departure Transfer : Central Tokyo Hotel to Narita International Airport,Transportation Services,3.0,2,281.18,2.0
Minato-ku Tokyo Night Touring,Adventure Tours,1.0,1,181.0,2.5
Private Akihabara Walking Tour with Otaku and Photography,Street Art Tour,5.0,144,21.72,2.8
Experience Japanese Pottery in Omotesando,Pottery Classes,5.0,33,173.76,1.0
6-Hour-Tour Tokyo Highlights,Public Transportation Tours,5.0,36,115.84,6.0
Meiji Jingu Shrine Half-day Tour by public transportation,Fashion Tours,5.0,28,209.96,5.0
Private Tokyo Custom Half-Day Tour by Chartered Vehicle,Bus Tours,5.0,21,202.72,4.0
Licensed Guide Shinjuku Dramatic Tour Day Time (Tokyo),Historical Tours,5.0,25,70.08,2.0
Admission to Hedgehog Cafe in Harajuku,Nature and Wildlife Tours,5.0,31,28.08,1.0
Exciting Hakone - One Day Tour from Tokyo,Rail Tours,5.0,17,92.67,6.0
"Tokyo Highlights, Imperial Palace, Kiyosumi Garden, Ukiyo-e Museum",Rail Tours,5.0,24,59.37,6.5
Discovering Asakusa,Historical Tours,5.0,13,115.84,2.0
Photoshoot Tour with a Professional Photographer in Tokyo,Adventure Tours,5.0,2,293.46,1.5
Tuna Auction and Tokyo Toyosu Fish Market Tour,Audio Guides,5.0,12,193.58,4.5
Introductory Tokyo Tour for the first timers: learn basic Travel tips and tricks,Public Transportation Tours,5.0,10,130.32,4.0
Full-Day Kamakura Tour from Tokyo Viewing a Variety of Flowers at Hase Temple,Historical Tours,5.0,14,800.0,6.0
Yukata Dressing Workshop,Photo Shoots,5.0,12,289.6,1.5
Private Transfer from Tokyo Haneda Airport (HND) to Yokohama Port,Transportation Services,5.0,16,600.0,0.5
Experience wearing samurai armor,Fun & Games,5.0,11,296.84,1.0
Japanese SAKE lesson & tasting at Izakaya pub,Food & Drink,5.0,10,1194.59,2.0
Nikko World Heritage 1 Day Tour,Bus Tours,5.0,9,74.44,6.0
Tokyo Disneyland or DisneySea Private Return Transfer - English Speaking Driver,Transportation Services,5.0,8,27.51,1.5
"Full-Day Guided Private Tour in Tokyo, Japan",Historical Tours,5.0,1,130.8,7.0
"Tokyo History Tour with a Local Guide, Private & Tailored to Your Interests",Historical Tours,4.0,4,98.2,3.0
Sumo Morning Training Watch,Martial Arts Classes,5.0,7,75.0,3.0
Private Mount Fuji Tour - up to 9 Travelers,Full-day Tours,5.0,6,477.11,6.0
Tokyo private transfer for Yokohama Port - Toyota HIACE 9 seats,Transportation Services,5.0,7,66.83,0.8
Tokyo City Tour with Daily Chauffeur,Full-day Tours,5.0,5,103.53,6.0
Private Full Day Mount Fuji Tour from Tokyo Including 3 View Spots,Full-day Tours,5.0,5,65.16,6.0
Snow Monkey&Karuizawa Outlet from/to Tokyo and TDR,Full-day Tours,5.0,4,188.24,13.5
Yokohama Port Shared Transfer : from Haneda Airport to Yokohama Port,Transportation Services,5.0,5,1303.19,1.5
Samurai Show Restaurant at Kanda Myoujin『THE SHOW』,Food & Drink,5.0,5,107.88,2.5
Explore The Creative Koenji Neighborhood,City Tours,4.5,11,189.66,3.0
Yokohama Port Shared Transfer : from Tokyo Hotels to Yokohama Port,Transportation Services,5.0,4,130.32,2.0
"Sumo Morning Practice Tour in Tokyo, Sumida city",City Tours,5.0,2,275.12,2.0
Private Full-Day Kamakura-Enoshima Tour with Bilingual driver,Bus Tours,5.0,4,119.29,6.0
"Traditional dance experience in Asakusa, a traditional Tokyo town",Walking Tours,5.0,1,131.42,2.0
7 Kinds of Sake Tasting with Complementary Foods,Food & Drink,5.0,3,238.92,1.5
Japanese Traditional Cooking Class,Food & Drink,5.0,3,39.31,3.0
Drive like KING! Can-am Ryker cruising in Shinjuku **IDP must**,Adventure Tours,5.0,1,18534.27,1.0
2 Day Mount Fuji and Tokyo Tour by Private Car or Wagon,Bus Tours,5.0,3,592.89,48.0
Cultural Private Geisha Transformation with Certified Tokyo Geisha,Unique Experiences,5.0,3,490.0,2.0
Day Trip To Historic Kawagoe From Tokyo,City Tours,5.0,3,21.72,6.0
Birthday celebration surprise with balloon decoration!,Fun & Games,5.0,1,101.94,0.5
Private Transfer to/from Tokyo Narita International Airport (NRT),Transportation Services,3.0,1,106.1,1.2
Tokyo Private Tour to Learn History and Shinto,Historical Tours,4.5,3,126.7,6.0
Highlights & Hidden Gems of Shibuya & Harajuku: Private City Tour,Architecture Tours,5.0,2,397.47,3.0
Tokyo City Private Tour by Subway,Full-day Tours,5.0,2,27.51,6.0
Private Transfer from Tokyo Cruise Port to Tokyo City Hotels,Transportation Services,5.0,1,126.7,0.8
Private Narita International Airport (NRT) Transfers for Tokyo 23 Wards（7Seater）,Transportation Services,5.0,2,39.31,1.2
Kamakura 1 day Private Car/Wagon Tour from Tokyo with “English Speaking Driver”,Bus Tours,5.0,1,800.0,5.5
Classic Mount Fuji One-day Tour with Daily Chauffeur,Full-day Tours,5.0,2,28.08,6.0
Ueno Food Tour With A Local Master Guide Fully Customized,Food & Drink,5.0,2,181.0,4.0
Kawaii walk in Harajuku,Shopping Tours,5.0,2,18534.27,1.5
All-You-Can-Drink Takoyaki Dinner Party with Local people,Food & Drink,5.0,2,165.0,2.0
Private One-way Narita Airport Transfer To/From Tokyo,Transportation Services,5.0,2,7.24,1.0
Samurai & Ninja experience! !,Sports Lessons,5.0,2,313.91,1.0
Private Mount Takao Hiking Tour from Tokyo,Likely To Sell Out,5.0,2,92.82,6.0
Hakone Private Two Day Tour from Tokyo with Overnight Stay in Ryokan,Multi-day Tours,5.0,2,189.66,48.0
Private Tokyo Tour of the Sunshine Aquarium and 823ft Observatory,Night Tours,5.0,1,253.4,3.0
Samurai Show Restaurant at Kanda Myoujin『THE SHOW』,Food & Drink,5.0,2,59.37,2.5
Private Mount Takao Hiking Tour from Tokyo,Likely To Sell Out,5.0,2,57.92,6.0
Private Transfer from Tokyo Cruise Port to Tokyo City Hotels,Transportation Services,4.5,2,86.01,0.8
Private Mount Fuji Tour - up to 9 Travelers,Full-day Tours,5.0,1,94.12,6.0
Private Transfer from Tokyo Haneda Airport (HND) to Yokohama Port,Transportation Services,5.0,1,106.1,0.5
"Tokyo Highlights, Imperial Palace, Kiyosumi Garden, Ukiyo-e Museum",Rail Tours,5.0,1,119.29,6.5
Private Narita International Airport (NRT) Transfers for Tokyo 23 Wards（7Seater）,Transportation Services,5.0,1,137.56,1.2
Tokyo City Private Departure Transfers to Yokohama Port,Transportation Services,5.0,1,115.84,1.0
Audio-Guide Tour Akihabara's Otaku Culture and TechBazaar,Walking Tours,5.0,1,275.12,1.0
Private Tokyo Tour of the Sunshine Aquarium and 823ft Observatory,Night Tours,5.0,1,202.72,3.0
Tokyo Layover Tour with a Local: Private and Tailored to Your Needs,City Tours,5.0,1,202.18,7.0
Ueno Food Tour With A Local Master Guide Fully Customized,Food & Drink,5.0,1,89.99,4.0
guided japanesefood tour in shibuya(tokyo),Food & Drink,5.0,1,61.54,2.5
Day Trip To Historic Kawagoe From Tokyo,City Tours,5.0,1,324.38,6.0
Samurai experience: art of the sword and their world,Sports Lessons,5.0,1,289.6,4.0
Tokyo Tea Ceremony Experience,Food & Drink,5.0,1,61.54,1.0
Japanese SAKE lesson & tasting at Izakaya pub,Food & Drink,5.0,1,218.13,2.0
Minato-ku Tokyo Night Touring,Adventure Tours,5.0,1,94.25,2.5
7 Kinds of Japanese Tea Tasting Experience,Food & Drink,5.0,1,32.0,1.5
A typical evening in Shinjuku,Nightlife,5.0,1,217.05,3.0
Samurai & Ninja experience! !,Sports Lessons,5.0,1,181.0,1.0
"Full-Day Guided Private Tour in Tokyo, Japan",Historical Tours,5.0,1,39.0,7.0
Tokyo Private Tour to Learn History and Shinto,Historical Tours,5.0,1,25.34,6.0
Kamakura flower tour,Historical Tours,5.0,1,129.95,7.5
6-Hour-Tour Tokyo Highlights,Public Transportation Tours,5.0,1,35.0,6.0
Private Transfer to/from Tokyo Narita International Airport (NRT),Transportation Services,5.0,1,92.31,1.2
Tokyo Metropolis,Architecture Tours,5.0,1,1035.31,2.5
Private Customizable Walking Tour of Tokyo,Public Transportation Tours,5.0,1,32.58,6.0
3-Hour Guided Musubi Japanese Home Cooking Class,Food & Drink,5.0,1,108.6,2.5
"3-hour Tokyo Good Old Bike Tour - Cycling to the Old towns, Asakusa & Ueno",City Tours,5.0,1,108.6,3.1
"Tokyo Tours By Locals: Private & Tailored to You, See the City Unscripted",City Tours,5.0,1,868.79,6.0
Asakusa Personal Video & Photo with Kimono,Photo Shoots,4.0,2,267.88,1.5
Tokyo Cherry Blossoms blooming spots E-bike 3 hour Tour,Historical Tours,4.0,1,94.12,3.0
Private tour Tokyo - The Harmony of Modernity and Tradition,Unique Experiences,1.0,1,130.0,6.0
Home-style Okonomiyaki & Gyoza class and Local Supermarket Tour,Food & Drink,1.0,1,290.37,2.5
Akihabara Anime Tour: Explore Tokyo’s Otaku Culture,Movie Tours,,,68.78,1.5
"Private Tokyo food scene 6 hour experience: Depatika, street food, izakaya",Unique Experiences,,,72.4,6.0
Tokyo Hidden Izakaya and Sake Small-Group Pub Tour with Local Guide,Spring Break,,,97.74,2.5
SAMURAI Workshop : Journey to the Spirit of the Samurai,Art Classes,,,253.4,2.0
Shibuya Official Walking Tour,City Tours,,,105.59,1.5
Full-Day Accessible Tour of Tokyo for Wheelchair Users,City Tours,,,57.92,6.0
International Shibuya Party Experience,Food & Drink,,,253.4,2.5
Private Market Tour and Cooking Lesson With a Tokyo Native Makiko in Her Home,Unique Experiences,,,1013.59,4.0
Experience the Stunning Nature of Mt.Fuji - Private Tour,Full-day Tours,,,79.64,11.5
Low-cost local pub & bar crawling,Food & Drink,,,108.6,3.0
Private Day Tour in Tokyo with Government-Licensed Guide,Public Transportation Tours,,,193.07,6.0
Morning Sumo Practice Viewing in Tokyo,Historical Tours,,,65.16,3.0
Tokyo Marriage Proposal Planning,Breakfast,,,155.54,1.0
Exciting Nikko - One Day Tour from Tokyo,Historical Tours,,,74.58,6.0
Private Tokyo Cultural Sights Walking Tour,Historical Tours,,,158.0,4.5
Tokyo Food Tour Tsukiji Old Fish Market,Food & Drink,,,10.86,2.0
"Tokyo Shopping Tour with a Local: Unique & Quirky Stores, Private & Custom",City Tours,,,166.52,5.0
Tokyo Asakusa Half Day Walking Tour with Local Guide,Historical Tours,,,231.68,2.5
Asakusa & Ueno (Ameyoko)Tour,Rail Tours,,,195.0,6.0
Vegan / Vegatarian Ramen Tour,Food & Drink,,,50.0,2.0
Private Full-Day Kamakura Tour of Tokyo and Hokoku-ji Temple,Historical Tours,,,500.0,6.0
Tokyo Haneda Airport (HND) to Tokyo hotel/address - Round-Trip Private Transfer,Transportation Services,,,1042.55,0.8
Historic Temple・traditional Japanese garden＆ Eating around at a shopping strip,Rail Tours,,,180.0,5.0
Drinks with Geisha,Food & Drink,,,70.08,1.5
"Nikko Tour, from/to Tokyo City and TDR Area",Full-day Tours,,,321.76,11.5
"Day Trip to Mt. Fuji, Kawaguchiko and Mt. Fuji Panoramic Ropeway",Bus Tours,,,41.0,6.0
Tokyo life after 5 - Foods & Drinks,Food & Drink,,,108.6,3.0
Private tour with Yasushi and Yoko,Public Transportation Tours,,,868.79,6.0
TOKYO Hiking & Onsen & Japanese food,Adventure Tours,,,78.48,5.0
Tokyo PRO private Photoshoot,Photo Shoots,,,123.41,2.0
Departure Transfer from Tokyo City to Haneda Airport HND by van,Transportation Services,,,159.28,0.5
Ramen and Gyoza Cooking Class in Central Tokyo,Food & Drink,,,927.44,3.0
Learn and Train with Samurai in Tokyo [ONLINE],Sports Lessons,,,39.23,1.0
Samurai Experience Mugai Ryu Iaido in Tokyo,Sports Lessons,,,94.12,1.0
Private Full-Day Hakone Tour from Tokyo Including Owakudani Valley,Rail Tours,,,161.29,6.0
Shinjuku And Golden Gai Best Food Tour With A Master local Guide,Coffee & Tea Tours,,,70.08,4.0
Personal prayer at Meiji Shrine!,Historical Tours,,,94.12,1.5
Tokyo Private Chauffeur-English Speaking Driver Option,Transportation Services,,,79.64,7.5
Kamakura Full Day Tour with Licensed Guide and Vehicle from Tokyo,Bus Tours,,,556.03,6.0
Asakusa Historical And Cultural Food Tour With A Friendly Guide,Food & Drink,,,1031.69,4.0
Traditional Furoshiki Cloth Wrapping Experience,Craft Classes,,,1486.6,1.5
Cherry Blossom Tour Tokyo with a Local Guide: Custom & Private,City Tours,,,600.0,4.0
"Cycling along the awesome coast of Odaiba, morning & evening",Bike Tours,,,101.36,3.5
Snap Photo in New Tokyo,Photo Shoots,,,39.31,1.0
"Kamakura Tour, from/to Tokyo City, Yokohama City and TDR Area",Full-day Tours,,,28.96,6.0
Just Moved: Tokyo For New Residents,City Tours,,,526.1,3.0
Tokyo Local Fashion Designers Shopping Tour with a Stylist,Fashion Tours,,,175.23,3.0
Explore Unique Tokyo Streets / Learn with a Pro Photographer,Art Classes,,,111.5,2.0
Full-Day Enoura Observatory and Hakone Hot Spring Private Tour,Bus Tours,,,108.6,9.0
NIKKO PASS All Area,Transportation Services,,,253.4,36.0
Japanese Sample Food Making Experience,Public Transportation Tours,,,3619.97,3.0
Tokyo by Night Photoshoot & Learn,Photo Shoots,,,54.3,2.5
Shamisen Playing Experience,Music Classes,,,143.35,1.0
Vegan Adventure,Adventure Tours,,,977.39,4.0
Private Food Tour in Downtown Yanesen and Nezu Shrine,Food & Drink,,,253.4,3.5
Tokyo Supercars Daikoku Driving Experience,Luxury Car Tours,,,977.39,3.0
Mount Fuji Five Lakes Tour from Tokyo with Guide & Vehicle,Historical Tours,,,72.4,6.0
"Private 4-Day Tokyo and Kyoto: Tsukiji Market, Gion",Bike Tours,,,159.28,72.0
2-Day Tour-The Best of Japan,Historical Tours,,,350.46,48.0
Mt.Fuji & Fruit Picking & Hakone Pirate Ship & Ropeway Day Tour,Full-day Tours,,,106.34,6.0
Private Transfer from Tokyo city hotels to Tokyo Cruise Port,Transportation Services,,,152.04,0.8
Private Tokyo Shinjuku Bus Tour with Licensed Guide,Bus Tours,,,55.69,2.0
Tokyo Private Customize Tour with English Speaking Driver,Historical Tours,,,25.34,6.0
Tokyo Private Transfer from Haneda (HND) airport to central Tokyo,Transportation Services,,,117.87,1.0
Tea Tasting & Japanese Sweets-Making Experience,Food & Drink,,,217.2,2.0
"Candid vintage photo, cafe, shopping, walking, experience w LOCAL",Rail Tours,,,57.08,3.5
Sushi Masterclass Tokyo,Food & Drink,,,70.08,1.5
"TOKYO, MT FUJI , OSAKA, KYOTO 4 DAYS Tour 1-9 Person BY Car",Transportation Services,,,231.68,10.5
Asakusa: 2-hour history exploration,Historical Tours,,,181.0,2.0
Full-Day Panoramic Bus Tour in Tokyo with Bay Cruise,Audio Guides,,,183.34,6.0
"Mt.Fuji & Gotemba Outlet from/to Tokyo, Yokohama City",Full-day Tours,,,33.7,6.0
1 Day Mount Nokogiri Hiking Tour from Tokyo,Likely To Sell Out,,,199.1,6.0
Private & Custom TOKYO Day Tour Toyota COMMUTER (Max 13 Pax),Bus Tours,,,325.8,9.0
Private Tour Akihabara Adventure Explore Tokyo's Electric Town,Walking Tours,,,181.0,3.5
Asakusa: TOKYO SKYTREE exploration after history tour,Audio Guides,,,181.0,3.5
Private Transfer: Tokyo to Haneda Airport HND in Luxury Van,Transportation Services,,,86.88,0.5
Tokyo DisneySea Private Transfer : from Tokyo to DisneySea (One Way),Transportation Services,,,167.42,1.0
Kawagoe Full-Day Private Trip with Government-Licensed Guide,Public Transportation Tours,,,150.0,6.0
Setagaya Cat Tour!,Food & Drink,,,441.45,3.0
Japanese Papier-Mâché Painting Experience in Taito,Craft Classes,,,130.32,0.8
Family-friendly Write your Japanese Name & Learn Trip-Phrases,Japanese Lessons,,,218.65,1.5
Lunch at Tsukiji Market Tour,Breakfast,,,118.81,2.5
Harajuku Kawaii Tour(Private Tour),Shopping Tours,,,65.35,3.0
Japanese autumn lunch,Food & Drink,,,1599.0,3.5
Koto Playing Experience,Music Classes,,,144.8,1.0
1 Day Walking Tour strolling Tsukiji Market and Meiji Shrine Including Asakusa,Historical Tours,,,36.76,6.0
Tokyo Private Custom Tour With Water Bus Ride,Rail Tours,,,579.2,6.0
Transfer in private vehicle from Tokyo Narita Airport to Tokyo City Center,Transportation Services,,,94.12,1.5
Private Transfer from Tokyo Port to Tokyo Narita Int Airport(NRT),Transportation Services,,,74.58,1.5
Enjoy Wonderful Wagyu And Sake In Shinjuku,Food & Drink,,,1380.7,3.0
Toyosu Market and Tuna Cutting Workshop Small Group Guided Tour,Food & Drink,,,163.36,4.0
"Tokyo highlights, Asakusa, Ueno, Yanaka Walking",Rail Tours,,,692.86,6.5
Roppongi Japanese Kimono Experience,Art Classes,,,43.44,2.0
Asakusa: Food replica store visits after history tour,Shopping Tours,,,181.0,3.5
"Tokyo Hippest Neighborhood Tour, Sangenjaya with a Local, Private Custom",City Tours,,,2.9,3.0
Sommelier Guided Pairing: Regional Japanese Food & Craft Beer,Food & Drink,,,297.02,3.0
Ashikaga Flower Park Private Day Tour,Bus Tours,,,36.2,6.0
Professional photo shooting tour around Tokyo.,Fashion Tours,,,289.6,6.5
Private Full-Day Tour of Tokyo with Hotel Pickup,Full-day Tours,,,37.65,6.0
Find out tasty and historical places,Historical Tours,,,81.81,8.5
Fruit cutting & vegetable fruit carving,Food & Drink,,,72.4,1.0
"6 Days Japan Kanto, Kansai Deluxe Tour",Audio Guides,,,94.12,72.0
Tour with Pro Tokyo Photographer and take Edgy Unique Portraits,Fashion Tours,,,1100.47,1.5
"Recommended Delicious Ginza Food Tour, The Largest Congregation of Food Markets",Food & Drink,,,325.8,3.0
Mt. Fuji: 2-Day sunrise/sunset tour With English driver,Bus Tours,,,220.0,48.0
Japanese sword cutting experience,Sports Lessons,,,625.0,1.5
Private Transfer from Haneda Airport HND to Tokyo City by van,Transportation Services,,,657.6,0.5
"3-Day Private Tokyo and Nagano: Snow Monkeys, Tsukiji Market and Bullet Train",Rail Tours,,,180.5,72.0
Tailored Private Tour with a Licensed Tour Guide,Food & Drink,,,108.6,6.0
Explore the Culture and History of Nikko with this Private Tour,Adventure Tours,,,3619.97,9.0
[NEW!]Asakusa Culture＆Local Walking Tour,Food & Drink,,,110.77,1.5
"Tokyo highlights, Meiji shrine, Asakusa, Ueno & Tokyo National Museum",Rail Tours,,,126.7,7.5
Private Baggage Storage in Harajuku,Luggage Storage,,,18.1,6.0
Tokyo Photo Shooting,Photo Shoots,,,111.18,1.0
Lets Make a Zabuton Try Cotton Stuffing with Futon Craftsman,Craft Classes,,,159.28,2.0
Japanese-inspired Themed Photoshoot in Tokyo,Photo Shoots,,,89.86,2.5
1 Hour Small Group Shuffle Dance Class in Tokyo,Dance Lessons,,,57.92,1.0
Samurai Sword Experience in Asakusa Tokyo,Sports Lessons,,,144.8,0.8
A gourmet day in Tokyo : traditional sweets and desserts.,Food & Drink,,,101.36,6.0
Private Workshop of Handmade Traditional Japanese Paper in Tokyo,Craft Classes,,,18.0,3.0
Crazy about Anime! Private Full Day Tokyo Manga Anime Tour by Chartered Vehicle,Bus Tours,,,182.0,6.0
Ryogoku sumo town history / culture and chanko-nabe lunch,Food & Drink,,,18.0,3.5
Tokyo Guide Highlight,Rail Tours,,,108.6,6.5
Transfer in Private Minivan from Tokyo Narita Airport to City Center,Transportation Services,,,182.0,1.5
Full-day Private Exploration in Mount Fuji,Full-day Tours,,,160.0,6.0
Mount Fuji Private Custom Tour from Tokyo,Full-day Tours,,,86.88,6.0
"Tokyo Tour Off-the-Beaten-Path, Shimokitazawa with a Local, Private Custom",City Tours,,,130.32,3.0
Tokyo shitamachi tour (old town walk),Historical Tours,,,115.84,6.0
Kimono wedding photo shot in Shrine ceremony and garden,Fun & Games,,,89.99,4.0
Asakusa: Family-Oriented Private Tour with Amusement Park Visit,Historical Tours,,,120.0,3.5
Tokyo Full Day Explorer Walking Tour,Unique Experiences,,,1200.0,6.0
Tokyo Meguro River Private Cultural Tour with Licensed Guide,Historical Tours,,,193.0,1.5
"Private Tokyo Tour, Build Your Own Itinerary with a Local Matched to You",Day Trips,,,723.99,6.0
6-hour Kamakura tour by qualified guide using public transportation,Historical Tours,,,202.72,6.0
Private Luxury Transfer from Tokyo Hotels to Yokohama Cruise Port,Transportation Services,,,18.0,0.7
Cutting Edge Subculture music Scene Guided Tour,Art Tours,,,723.99,3.5
Official Street Go-Kart Tour - Shinagawa Shop,Go Kart,,,718.98,3.0
Yanaka and Asakusa Walk around DOWNTOWN TOKYO like a local,Historical Tours,,,173.76,3.5
Tokyo Online: Green Teatime in Japan,Food & Drink,,,533.95,1.0
Flavors of Japan Food Tour in Tokyo,Coffee & Tea Tours,,,37.13,3.0
Tokyo Online: Virtual Experience in Shibuya and Shinjuku with a Local Expert,Food & Drink,,,723.99,1.0
Tokyo West-Side Walking & Street Food Tour,Food & Drink,,,37.13,2.0
Old Town Tokyo Food Tour,Coffee & Tea Tours,,,10548.0,3.0
Tokyo The Izakaya tour,Food & Drink,,,144.8,3.5
5-hour Tokyo Historical Bike Tour through Imperial Palace & Tsukiji,Day Trips,,,6748.0,4.8
Tokyo Food and Culture tour (Shibuya and Harajyuku),Food & Drink,,,8948.0,4.5
"Hello Tokyo Walking Tour: Meiji Jingu, Senso-ji and Harajuku",Historical Tours,,,6.52,3.0
Experience Award-Winning Spa Treatments in Downtown Tokyo,Spas,,,18.0,3.0
Ramen cooking experience with Gyoza and other side dishes,Food & Drink,,,155.66,3.5
Full-day Bus Tour in Mt. Fuji from Tokyo,Historical Tours,,,59.37,6.0
Mt Fuji day trip from Tokyo by charted vehicle,Full-day Tours,,,215.45,6.0
Retro Shibuya Food Tour,Adventure Tours,,,152.04,3.0
Sushi Cooking Class,Unique Experiences,,,72.4,3.0
Master Tokyo's public transport and visit hidden neighborhoods,Historical Tours,,,83.26,3.5
Cocktail Connections: Online Happy Hour in Japan,Food & Drink,,,36.2,1.0
Tofu cooking class,Unique Experiences,,,362.0,3.0
VIP: Mt Fuji Private Tour with Sengen Shrine Visit from Tokyo,Bus Tours,,,369.0,6.0
Tokyo Half-day Walking Tour Including 3 Major Sights,Historical Tours,,,3538.0,5.0
Hida Private E-Bike Tour with Premium Lunch and Farm Experience,E-Bike Tours,,,188.06,6.0
Experience local life in Yoyogi Uehara,Historical Tours,,,83.26,2.0
Japanese Cooking Class for Vegans,Restaurants,,,173.76,3.0
Shimokitazawa local neighborhood walk and bar hopping,Historical Tours,,,5498.0,2.0
Discover Japan Tour: 15-day Small Group,Rail Tours,,,34.0,72.0
Asakusa: Live music performance over traditional dinner,Historical Tours,,,55.69,4.0
Highlights of Japan Tour: 10-day Small Group,Rail Tours,,,177.48,72.0
Explore Japan Tour: 12-day Small Group,Rail Tours,,,1013.59,72.0
Toyo Bunko Entrance Ticket,Museums,,,72.4,1.0
Tokyo Online: Top 5 Japanese Foods,Food & Drink,,,742.5,1.0
Tokyo private tour using subway: Discover traditional and modern Japan!,Architecture Tours,,,370.0,6.0
Japanese Replica Food Making in Asakusa w. ENG guide,Unique Experiences,,,115.84,1.0
Private Tokyo Food Tour - Retro Akabane Izakaya Experience,Unique Experiences,,,868.79,4.0
Tokyo Landmarks Water Bus Cruise Private Tour with Government-Licensed Guide,Cable Car Tours,,,173.57,6.0
Chara-ben (Character Lunch Box) Making,Food & Drink,,,39.82,2.5
Retro Food Tour in Yanaka,Food & Drink,,,159.28,2.5
【30minutes】Matsuchiyama Temple Rickshaw Tour in Asakusa,City Tours,,,77.32,0.5
Samurai photo shooting at Street in Shibuya,Unique Experiences,,,182.0,2.0
Nakameguro Day Trip,Food & Drink,,,146.72,4.0
7-Day Guided Tokyo Baseball Tour,Rail Tours,,,23.0,72.0
Mt Fuji/Hakone Day Trip Private tour,Bus Tours,,,564.0,6.0
"Cherry Blossom ! Five-Story Pagoda,Mt. Fuji 5th Station,Panoramic Ropeway",Audio Guides,,,1400.0,6.0
Asakusa: Culture exploring bar visits after history tour,Historical Tours,,,154.7,4.0
Intro to Japan Tour: 8-day Small Group,Rail Tours,,,700.0,72.0
2-Hour Private Sake Tasting Workshop in Koto City of Japan,Food & Drink,,,66.83,2.0
Meet the lucky cats in suburban Tokyo: Gotokuji Walking Tour,Historical Tours,,,18.1,3.5
The Flavors of Shibuya Private Tour: Sushi & Sake,Food & Drink,,,181.0,2.5
"Mt.Fuji&Hakone Tour, from/to Yokohama City, Tokyo City and TDR",Bus Tours,,,15.93,11.5
Tokyo Yukata Kimono Bondance Experience,Full-day Tours,,,65.16,6.5
"Private Hakone Tour - View of Mt. Fuji, Nature and Culture",Cable Car Tours,,,144.8,6.0
Starter tour in Tokyo _Visiting must-see spots and practical guidance,Day Trips,,,235.3,6.0
Mt. Fuji & Arakurayama Sengen Park Bus Tour - From Tokyo,Historical Tours,,,687.8,6.0
For BUSINESS TRAVELER - Business+Leisure with JPY⇄ENG INTERPRETER Service,Rail Tours,,,554.58,6.0
Traditional Antiques Market Tour Tokyo,Art Tours,,,164.55,2.5
"Myojin Show Rakuza - Traditional Rakugo, Juggling and Magic show",Language Classes,,,195.0,1.5
Private Kimono Photo Tour in Tokyo,Fashion Tours,,,738.47,3.0
The Ultimate Sushi Making Experience,Food & Drink,,,18534.27,2.5
Super Sugamo Local Foodie Adventure,Adventure Tours,,,38.26,3.0
Tokyo Christmas Tour with a Local Guide: Private & Tailored to You,Unique Experiences,,,716.75,5.5
Tsukiji Market Neighborhood Live Online Tour,Food & Drink,,,231.68,1.0
Bullet Train and Mt. Fuji Famous Food Tour,Architecture Tours,,,564.72,6.0
A day tour to Nikko from Tokyo by chartered car,Bus Tours,,,60.33,6.0
Tokyo walking tasting tour with Secret Food Tours (Private Tour),Food & Drink,,,651.6,3.5
Mt Fuji Private Customize Tour by Van,Transportation Services,,,118.35,8.0
Half-day Kawagoe Walking Tour,Historical Tours,,,141.18,4.0
Tokyo Update - Online Tour on travel tips with licensed guide,City Tours,,,159.28,1.0
"Tokyo Highlights, Shibamata, Temple of Wood Carving, Japanese Style House",City Tours,,,39.82,6.5
CA-GO Delivery Service,Transportation Services,,,94.12,5.0
Tokyo kawaii tour near shinjuku shibuya harajuku,Food & Drink,,,159.28,2.0
Wagyu and Sushi : Tokyo Gastronomic Journey,Food & Drink,,,398.2,3.0
Smappa!Group and Licensed Guide Kabukicho Shinjuku Nite Experience Tour(Tokyo),Beer & Brewery Tours,,,243.19,3.0
For FAMILY with BABY & KID - ONE DAY Tokyo Unmissable Places Custom-Made Tour,Food & Drink,,,295.0,6.0
"Tokyo Shore Excursion with a Local Guide, Private & Tailored to You",City Tours,,,22.28,6.0
Tokyo Private Transport 1 Day Tour,Bus Tours,,,289.6,6.0
KANPAI and KARAOKE,Food & Drink,,,217.2,3.0
Hakone Gotemba Tour Tokyo DEP: English Speaking Driver Only,Bus Tours,,,375.0,6.0
Shimbashi Walking Food Tour With a local Guide In Tokyo,Food & Drink,,,74.58,4.0
Private Narita Airport (NRT) Transfers for Tokyo 23 Wards（10 Seater）,Transportation Services,,,9995.0,1.2
Tokyo tours,Historical Tours,,,143.35,6.0
30-Minute Supercar Driving Experience,Rentals,,,322.67,0.5
Tokyo Half-day Customized Private Tour,Public Transportation Tours,,,149.12,4.0
Kamakura Tour,Bus Tours,,,78.63,7.0
"Private Evening Tour of Tokyo's Historic Wild Side, Yoshiwara",Food & Drink,,,40.0,3.0
Kamakura Full Day Tour English speaking by Car,4WD Tours,,,39.82,6.0
Food & Drink Tour (Shinjuku-Eastside),Food & Drink,,,213.49,2.5
Tokyo Wagashi-Making Class with Tea,Unique Experiences,,,37.13,2.5
From Market to Meal,Food & Drink,,,101.36,4.5
Classic Asakusa Walking Tour with Japanese Experience!,Walking Tours,,,250.0,3.0
Gallery hopping in Tokyo: Ginza-stylish architectures and hidden charms,Architecture Tours,,,328.81,3.5
Private Vintage Tintype Portraits Experience in Tokyo,Art Classes,,,18.1,2.0
For FAMILY with BABY & KID - HALF DAY Tokyo Unmissable Places Custom-Made Tour,Food & Drink,,,148.51,4.0
Private Tea Ceremony with Kimono in a Traditional Japanese Garden,Food & Drink,,,299.0,4.0
2 Hour Photo Shoot Tour Tokyo and Surrounding,Photo Shoots,,,90.5,2.0
Self drawing kanji on lantan to bring home with Japanese sweets,Craft Classes,,,318.56,1.2
"[electric bicycle tour]: 6-hour travel course by electric bicycle Asakusa, Ueno Park, Edo-Tokyo Museum, and Sky Tree. (There is a support car.)",Historical Tours,,,47.78,6.5
Watch the Young Geisha do their makeup and Get Ready!,Art Classes,,,94.12,1.0
Essential tour for fashion and art in Tokyo for 6 hours with local lunch,Architecture Tours,,,52.79,6.0
Departure Private Transfer from Tokyo City to Haneda Airport HND by Business Car,Transportation Services,,,130.32,0.4
Essence of Sakura Cherry Blossom Photography Tour,Nature and Wildlife Tours,,,629.88,72.0
Ninja Experience (with Costume Wearing),Sports Lessons,,,196.26,1.5
Round trip transfer in private car from-to Narita Airport in Tokyo City Center,Transportation Services,,,195.48,1.5
Hakone for Children to Enjoy! Japanese Crafts Experience From Tokyo,Rail Tours,,,297.02,6.0
Tokyo Haneda Airport (HND) to Ikahomachi Ikaho - Arrival Transfer,Transportation Services,,,199.1,2.5
"【Free Haori lend, photo & Japanese gifts】Walking tour in Asakusa & Tokyo Skytree",Historical Tours,,,181.0,2.2
Shodō Creative Japanese Calligraphy Experience,Art Classes,,,144.8,0.8
"Authentic ""Chaji"" Matcha Ceremony Experience and Kaiseki Lunch in Tokyo",Lunch,,,101.36,2.5
Tokyo Ikebana Experience,Art Classes,,,167.81,1.5
"walking the only valley in Tokyo, Eat and Compare Hot Pot Dishes.",Food & Drink,,,181.0,3.0
"Tokyo Customized All Day Tour Guide See, Taste, Feel local",Food & Drink,,,166.52,6.0
Private Walking Tour of Tokyo with a water bus ride,Historical Tours,,,133.33,6.0
Samurai Night Jack in Shibuya,Food & Drink,,,96.53,5.0
"“Your name.” Going on an electric bicycle <Roppongi, Shinanomachi, Shinjuku> A 6-hour tour of a sacred place. (With support car)",Movie Tours,,,217.2,6.0
Private Vacation Photography Session with Local Photographer in Tokyo,Photo Shoots,,,38371.73,1.0
"Lavender fields, peaches picking & shopping at Premium Outlets!",Full-day Tours,,,25.34,6.0
Private Photography in Shinjuku City,Photo Shoots,,,144.8,36.0
Tsukiji Outer Market Gourmet Tour!,Food & Drink,,,181.0,3.0
Tokyo Ramen Trailblazer Tour,Food & Drink,,,165.68,4.0
Tokyo Tea Ceremony Class at a Traditional Tea Room,Cooking Classes,,,86.88,2.0
Tokyo to Tokyo Haneda Airport (HND) - Departure Private Transfer,Transportation Services,,,891.07,0.8
Private guide tour in Tokyo half day,Historical Tours,,,100.0,3.5
3-Hour Discovering Tokyo Photo Walking Private Guided Tour,City Tours,,,61.54,3.0
Mt.TAKAO Trekking 1 Day Tour,Bus Tours,,,159.28,9.0
Private Departure Transfer : Central Tokyo City to Narita International Airport,Transportation Services,,,74.58,1.2
Samurai experience: art and soul of the sword,Sports Lessons,,,282.36,1.5
Kamakura Spanish Tour,Historical Tours,,,203.2,8.0
Private Kamakura Open Car Sightseeing Tour,Historical Tours,,,119.46,4.0
"Tokyo highlights, Landscape Garden, Kagurazaka Backstreet Walking",Rail Tours,,,71.68,6.5
Private Shinjuku Bar Hopping Tour with Guides,Food & Drink,,,350.46,3.5
Half Day Walking Tour To Find Edo Culture Including Ukiyoe in a Sumo Town Ryogoku,Historical Tours,,,94.12,4.0
Lolita Experience in Harajuku Tokyo,Fun & Games,,,202.72,1.5
"Cherry Blossom highlights, Asakusa, Ueno & Meiji shrine",Rail Tours,,,103.38,7.5
Tsukiji and Asakusa - 2 major complex,Food & Drink,,,104.98,6.0
Arrival Private Transfer from Narita Airport NRT to Tokyo City by Business Car,Transportation Services,,,928.52,1.0
Shinjuku Evening Walking Tour With a Local Guide,Historical Tours,,,21.72,3.0
Private Japan Photo Tour,Audio Guides,,,188.24,4.0
NRT Airport to/from Hakone (10-Seater),Transportation Services,,,120.0,1.5
"Connected International Party in Roppongi, Tokyo",Spring Break,,,238.92,3.0
Urban Geometry with Laurence Bouchard,Art Classes,,,690.0,4.0
"Cherry blossom highlights, Asakusa, Ueno, Yanaka",Historical Tours,,,188.24,7.5
"Photographer, Professional Photo shoot - Tokyo",Fun & Games,,,238.92,4.0
Asakusa: Japanese kitchen knife store visits after history tour,Audio Guides,,,1480.57,3.5
Beyond Tokyo Photo Trip,Photo Shoots,,,950.0,6.0
Tokyo Local Private Tour,Food & Drink,,,3299.0,3.0
Olympics Old and New Architecture Tour,Architecture Tours,,,289.6,4.0
Private Shibuya Bar Hopping with a Master Guide,Spring Break,,,134.79,2.5
Shibuya Private Food Tour Customized To Your Taste,Food & Drink,,,217.2,4.0
Private Transfer from Haneda Airport HND to Tokyo City by Business Class Car,Transportation Services,,,304.45,0.4
One day tour in Tokyo to visit major tourist spots by learning Japanese culture,Public Transportation Tours,,,37.13,6.0
Dinner Cruise in Tokyo Bay With The Symphony,Sightseeing Passes,,,231.68,3.0
Tokyo 7-Hour Free Choice Tour,Walking Tours,,,16.09,6.0
Licensed Guide Tokyo Traditional Dyeing Experience Tour,Art Tours,,,1485.12,2.5
Shinjuku Golden-gai and Kabuki-cho Bar Hopping with Master Guide,Food & Drink,,,25.0,2.5
Departure Private Transfer: Tokyo to Haneda Airport HND in Van,Transportation Services,,,1035.0,0.5
"Hitachi Seaside Park, Mito Kairakuen Park, Pear Picking",Audio Guides,,,3379.0,6.0
Private Worship Ceremony and Guided Tour at Kanda Shrine in Tokyo,Walking Tours,,,807.25,1.5
8-hour Kamakura tour by qualified guide using public transportation,Historical Tours,,,161.34,6.0
Tokyo shopping from home,Shopping Tours,,,760.19,24.0
3-Hour Odaiba Scenic Photo Walking Tour,Rail Tours,,,105.59,3.0
1 Day Family Fun at Fuji Private Tour,Full-day Tours,,,376.48,10.5
Japanese Sake tasting experience + Japanese snack set (Asakusa),Food & Drink,,,75.7,2.0
Japanese Dance Experience Program,Dance Lessons,,,86.88,1.5
Shibuya All You Can Eat & Drink Tour,Food & Drink,,,92.82,3.5
Kamakura Temples Private Guided Tour from Tokyo,Historical Tours,,,1700.0,6.0
Private Hakone Sightseeing Tour - Bilingual Chauffeur,Transportation Services,,,101.36,6.0
Experience Edo Tokyo Walking Tour,Bus Tours,,,1200.0,4.0
[14:00~] 60 minutes of flight simulation experience in a real cockpit! A must-see for airplane lovers,Fun & Games,,,2300.0,1.0
Private Wine Tasting Tour in Yamanashi Prefecture,Spring Break,,,86.88,6.0
Strawberry Picking and Snow experience at Mt Fuji ski resort for VIP,Bus Tours,,,673.32,6.0
10 Days In-depth Discover Japan Deluxe Tour,Audio Guides,,,148.42,72.0
Private Hiking Activity near Tokyo,Climbing,,,38.06,36.0
Tokyo Haneda Airport (HND) to Tachikawa City - Round-Trip Private Transfer,Transportation Services,,,600.0,2.5
Tokyo 1-Day Private Tour/Customization & Hotel Gathering OK!,Historical Tours,,,98.0,6.5
Private Walking Tour of Tokyo with a water bus ride. Rate for groups,Historical Tours,,,35.0,5.0
Drink comparison experience with sake matching test [Ochanomizu store],Restaurants,,,144.8,36.0
2-Hour Japanese Lunch Cooking Guided Class in Kagurazaka,Lunch,,,930.33,2.0
Private Tesla Car Tour of Tokyo's Best Sights - Half-Day,Bus Tours,,,434.4,5.0
"Mobile Wi-Fi Router Rental in Shinjuku, Tokyo",Rentals,,,37.21,396.0
KAIZEN 5S town Ashikaga city tour tour,Full-day Tours,,,361.69,6.0
Transforming Your Look with Second-Hand Fashion,Shopping Tours,,,45.0,2.0
"Private Karuizawa, Nagano Tour - Bilingual Chauffeur",Transportation Services,,,300.0,6.0
7-Day Best Japan Tour,Historical Tours,,,955.67,72.0
Private Adventure Tour in Northern Ibaraki and Washi Paper Making,Climbing,,,101.94,6.0
Transfer in private vehicle from Tokyo City Center to Narita Airport,Transportation Services,,,220.0,1.5
Tokyo Helicopter Cruising,Full-day Tours,,,1025.65,0.9
Tokyo Haneda Airport (HND) to Tokyo - Round-Trip Private Transfer,Transportation Services,,,2751.18,1.5
Private Airport Transfer from Narita Airport to Tokyo,Transportation Services,,,650.0,1.5
Karate trial lesson Traditional Japanese martial arts in Tokyo,Sports Lessons,,,339.0,1.0
Thriving Shinjuku History & Fancy Sake Walking Tour,Food & Drink,,,371.98,2.5
Personal Tokyo Photographer for Hire,Full-day Tours,,,289.6,2.0
6 Days Best Japan Group Tours,Bus Tours,,,75.0,72.0
Handwriting Kanji with Ink on T-shirt Private Art Class in Tokyo,Art Classes,,,781.91,2.5
Mt. Fuji & Hakone a day tour from Tokyo by car,Bus Tours,,,1009.97,6.0
Private 6-Day Japan Exclusive Tour,Food & Drink,,,28.96,72.0
Special event with Kabuki workshop at National Theatre,Theater Shows,,,376.48,4.0
"1Day private Nature＆Hotspring Tour /English speaking driver(Chater,Chauffeur)",Historical Tours,,,286.43,6.0
Sake Brewery and Spiritual Nature Tour in Okutama Tokyo,Spring Break,,,202.8,9.0
Sake Sake Beer Tour in Tokyo,Food & Drink,,,71.89,2.0
Tokyo Night Tour: A Unique Experience,Bus Tours,,,66.83,4.5
Exploring Everyday Life in Downtown Tokyo Walking with shiba-inu,Food & Drink,,,2533.98,3.5
Experience Sunday International Party in Shibuya,Food & Drink,,,190.28,2.5
Eat and drink with a local in hidden gems,Food & Drink,,,94.12,4.0
Mt. Fuji Cherry Blossom One Day Tour From Tokyo,Adventure Tours,,,130.32,9.0
Full Day Private Tour in Hida and Great Limestone Cave,Bus Tours,,,579.2,6.0
Tokyo Disneyland Shared Transfer : from Tokyo to Disneyland (One Way),Transportation Services,,,144.85,1.5
Tokyo Airport Transfers: Tokyo City to Tokyo-Narita Airport NRT in Luxury Car,Transportation Services,,,450.0,1.0
Private Koto Workshop Tatami Room in Tokyo,Music Classes,,,275.12,1.0
Private Narita Airport Pickup / Drop off (Tokyo),Transportation Services,,,159.28,2.0
5-Hour JDM Car Scene Tour in Tokyo - Tokyo Drift Veilside RX7,Bus Tours,,,159.28,3.5
Yanesen: Explore Traditional Life & Beauty Tour,City Tours,,,120.0,3.5
Transfer in private minivan from Tokyo City Center to Narita Airport,Transportation Services,,,96.07,1.5
Honeymoon Special drive tour in Tokyo with Photographic & Bubble,Luxury Car Tours,,,440.0,4.0
Japan Autumn & Winter Illuminations Discovery Tour (12 Days),Photo Shoots,,,230.77,72.0
Tokyo Photogenic spots visiting tour,Bus Tours,,,78.9,4.0
ANGLE - Tokyo With a Local Photographer,Walking Tours,,,36.2,1.0
Tokyo Walking Tour with professional guide,Historical Tours,,,3200.0,1.8
Tailored Tokyo city tour based on request,Rail Tours,,,224.65,6.0
VEGAN Gluten-Free/ HARAL Ramen and Gyouza,Food & Drink,,,5939.0,3.0
From Tokyo: Nikko UNESCO Shrines and Nature Walk Private Day Tour,Historical Tours,,,217.2,10.0
"Nikko Private Tour from Tokyo: English Speaking Driver, No guide",Bus Tours,,,371.28,6.0
Shinjuku Walking Food Tour with Ninja Action Video Shooting,Sports Lessons,,,334.0,3.0
Highlight walking tour in Tokyo with Maru,Shore Excursions,,,422.35,7.5
Private Transfer: Haneda Airport HND to Tokyo in Sedan Car,Transportation Services,,,57.92,0.5
One day Experience Tokyo & Edo Culture,Historical Tours,,,39.31,6.0
Tokyo to Tokyo Narita Airport (NRT) - Departure Private Car Transfer,Transportation Services,,,286.43,1.5
Japanese Homemade Bread Lesson,Food & Drink,,,604.54,2.5
Japan Discovery Tour (12 Days),Bus Tours,,,204.5,72.0
Private tour in Tokyo on your own custom itinerary,Public Transportation Tours,,,46.19,7.0
"World famous fish markets, street food or/and sushi",Public Transportation Tours,,,59.4,4.0
Exquisite Noh Experience at a Japanese Family's Home Theater,Art Classes,,,310.59,2.0
Tokyo Highlights Food and Culture,Architecture Tours,,,571.96,6.0
Tokyo Hikarigaoka Park Photo Shooting,Photo Shoots,,,84.11,1.5
Private Walking Tour with Bar Hopping in Shinjuku,Food & Drink,,,21.72,2.5
Private dinner : Sowaka Bar in Tokyo Ginza,Food & Drink,,,72.77,3.0
Tokyo Tour for Children to Enjoy! Japanese Crafts Experience,Food & Drink,,,749.52,6.0
Off the beaten path special in Tokyo by walking,Food & Drink,,,1107.71,5.0
Private Custom Hakone from Tokyo with Pirate Ship Cruise,Rail Tours,,,398.2,6.0
"Nikko, Nature and World Heritage",Bus Tours,,,615.4,6.0
Private Night Walking Tour Shibuya Bar Hopping w. Master Guide,Food & Drink,,,212.21,2.5
Shibuya Anime Tour,Walking Tours,,,151.64,3.0
Private Muslim Tokyo Tour,Bus Tours,,,108.6,6.0
Round trip transfer in private minivan from-to Narita Airport-Tokyo City Center,Transportation Services,,,422.35,1.5
[Private] Tokyo Personalized Tour (Guide Only),Historical Tours,,,286.43,7.0
Tokyo Off the Beaten Track Local Sake Drinking Tour,Food & Drink,,,832.59,2.5
"Discover the Secrets of Pachinko, Japan's Most Popular Game",VR Experiences,,,63.71,3.0
【30minutes】Showa Retro Rickshaw Tour in Asakusa,City Tours,,,1027.52,0.5
Private 7-Day Japan Classic Tour,Food & Drink,,,434.4,72.0
Tokyo Airport Transfers: Tokyo City to Tokyo-Narita Airport NRT in Business Car,Transportation Services,,,260.0,1.0
10-Day Golden Route of Japan,Bus Tours,,,39.31,72.0
1 Day Tokyo Highlight Including a Cultural Workshop,Historical Tours,,,63.78,6.0
Private photo shooting in Tokyo,Rail Tours,,,43.02,1.5
Private Market Tour and Traditional Japanese Cooking Class in Asakusa,Shopping Tours,,,1194.74,3.5
Private Transfer: Tokyo to Haneda Airport HND in Luxury Car,Transportation Services,,,14.85,0.5
"Licensed Guide ""Wagashi"" (Japanese Sweets) Experience Tour (Tokyo)",Food & Drink,,,275.12,2.0
Private Transfer from Tokyo Port to Tokyo Haneda Int Airport(HND),Transportation Services,,,85.0,0.4
Private Transfer: Tokyo to Haneda Airport HND in Sedan Car,Transportation Services,,,350.0,0.5
Private Sushi Making and Tsukiji Tour with Additional Activity,Food & Drink,,,28.96,6.0
Highlights of Tokyo Day Trip for Standard Interests,Historical Tours,,,36.2,6.0
Male Kimono Plan,Fun & Games,,,59.4,2.0
High quality Japanese food for Japanese gourmets,Food & Drink,,,9701.53,0.0
Mt. Fuji’s Fifth Station & Lake Kawaguchiko Cycling Tour,Walking Tours,,,178.21,6.0
Samurai Private Tour with Lantern Making in Mito,Lantern Festival,,,65.16,6.0
Private Cooking Lesson With a Tokyo Native Makiko in Her Local Home,Unique Experiences,,,181.0,3.0
Sacred Morning Walk and Brunch Meiji Shrine,Breakfast,,,1188.09,1.5
Machi-Nomi Kita-senju (Bar hopping night tour in local haunts),Food & Drink,,,252.73,3.0
Private Chartered Taxi Tour of Tokyo,Historical Tours,,,130.32,6.0
Full-day Private Tour in Hakone with Hotel Pick-up,Historical Tours,,,143.35,9.0
Professionally guided Tokyo Private Walking Tour,Rail Tours,,,586.44,7.0
Book a jumbo taxi in Tokyo,Transportation Services,,,72.4,6.0
Tokyo by Yourself with English Speaking driver by Van -4 or 6 hrs,Transportation Services,,,25.34,6.0
Tokyo Downtown Photoshoot & Learn,Art Classes,,,181.0,2.5
2 Hours Walking Tour in Asakusa,Historical Tours,,,417.52,2.0
Private Transfer: Haneda Airport HND to Tokyo in Luxury Car,Transportation Services,,,52.79,0.5
Departure Private Transfer: Tokyo to Haneda Airport HND in Sedan,Transportation Services,,,269.58,0.5
Design and Take Home Your Glass Art with Japanese Motifs in Tokyo,Art Classes,,,108.6,1.5
Private Full-Day Guided Tour in Mount Fuji Lakes,Transportation Services,,,253.4,12.0
To Become Younger Food Tour in Asakusa Tokyo,Food & Drink,,,760.0,3.0
Nihon Buyō Japanese Traditional Dance Experience,Dance Lessons,,,159.28,0.8
Akihabara Private Tour with an Anime Lover Guide,Historical Tours,,,408.41,3.0
Asakusa: Ultimate 3-geisha experience for group of max 4 after history tour,Full-day Tours,,,477.84,6.0
Full Day Tokyo Chartered Taxi Tour From Narita,Transportation Services,,,185.34,6.0
Tokyo Haneda Airport Private Transfer,Transportation Services,,,50.55,0.8
Private Transfer from Tokyo Haneda Int Airport(HND) to Tokyo Port,Rail Tours,,,800.0,0.4
Kawagoe Walking Tour & Traditional Japanese Experience,Food & Drink,,,350.41,3.5
 Japanese Restaurant SAKURA Sushi Lunch Set Reservation,Bus Tours,,,101.36,1.5
2-Day Private Guided Historical Tour in Takayama City,Dinner,,,112.33,48.0
Tokyo Imperial Palace International Group Jog,Architecture Tours,,,398.2,2.0
Discover your Tokyo -Private Tokyo Customized Walking Tour-,Food & Drink,,,186.94,6.0
All you can drink food & drink tour,Food & Drink,,,459.68,3.0
Japanese Calligraphy and Local Shopping Street Walk,Transportation Services,,,350.46,3.5
Yokohama Cruise Port Private Transfer,Historical Tours,,,224.65,5.5
Licensed Guide Tokyo Seven Lucky Gods Temple and Shrine Tour,City Tours,,,366.67,2.0
【30minutes】Edo Period Shitamachi Rickshaw Tour in Asakusa,Food & Drink,,,1096.85,0.5
Yoko's plant-based home cooking experience in Tokyo,Transportation Services,,,339.0,2.5
SKY TREK Shinshu Myojinkan Private Jet Tour,Food & Drink,,,505.47,72.0
Wagaya Japanese Cooking Lesson,Rail Tours,,,175.21,3.0
Nightlife one-stop experience / Discover the true Japan in TO GO Shrine,E-Bike Tours,,,300.0,3.5
Tokyo Winter Illumination Tour,Art Classes,,,63.71,3.0
The Imperial Hotel Japanese Kimono Private Experience,Bus Tours,,,1737.59,2.0
Barrier-Free Private Mt. Fuji Tour for Wheelchair Users,Historical Tours,,,130.0,11.5
 The best of Tokyo Walking tour,Transportation Services,,,181.0,2.0
Tokyo HND/NRT Airport / Hotel Private Pickup,Martial Arts Classes,,,434.4,1.0
Samurai Warrior Experience (with Costume Wearing),Bus Tours,,,63.71,1.5
Kamakura All Must-Sees Private Chauffeur Sightseeing with a Driver (Tokyo DEP.),Rentals,,,280.82,6.0
Enjoy Tokyo Drive with Tuk Tuk Rent A Car!,Craft Classes,,,161.34,4.0
Hand Made Goshuin Book Experience Eco Friendly Upcycling,Rentals,,,528.52,0.8
"Private training in Asakusa Dojo, variable start time, 80-min.",Full-day Tours,,,477.84,1.5
Paragliding in tandem style over Mount Fuji,Transportation Services,,,159.28,6.0
Tokyo Haneda Airport (HND) to Tokyo - Arrival Private Transfer,Transportation Services,,,133.33,0.8
Tokyo Departure Private Transfers from Tokyo City to Tokyo-Narita Airport NRT,Spas,,,318.56,1.0
Aroma Massage with cherry blossom infused oil,Public Transportation Tours,,,181.0,2.0
Private Tokyo Tour with a Japanese Guide,Full-day Tours,,,138.57,7.0
[Private] Tokyo Personalized Tour with An English Speaking Guide,Public Transportation Tours,,,199.79,10.0
6-hour Tokyo tour with a qualified tour guide using public transport,Historical Tours,,,325.8,6.0
Tea ceremony tour in Ueno with kimono guide,Bus Tours,,,637.12,4.0
2-Hour Tokyo Tour in Tokyo Drift Mazda RX7,Rail Tours,,,350.46,2.0
Private English / French / Spanish guiding tours,Transportation Services,,,28.96,5.5
Private Transfer from Nagasaki Hotels to Nagasaki Cruise Port,Full-day Tours,,,181.0,0.2
Private Tokyo Tour - up to 9 Travelers,Art Classes,,,133.33,6.0
Private Premium​ Plan Kimono & Japanese Tea Ceremony Experience,Architecture Tours,,,340.0,3.0
Street food and off the beaten track around Shibuya,Transportation Services,,,97.74,6.0
Private transfer: Tokyo to Tokyo Airport (HND),Architecture Tours,,,157.79,1.0
Tokyo Architecture and Contemporary Art Walking Tour with a local guide,Likely To Sell Out,,,183.34,7.0
"Fun Afternoon in Yanaka, Tokyo's old town",Valentine's Day Events,,,231.68,3.0
 Romantic Tour In Tokyo,Transportation Services,,,235.88,2.0
Private Transfer: Haneda Airport HND to Tokyo in Luxury Van,Transportation Services,,,202.72,0.5
Tokyo Departure Private Transfers from Tokyo City to Tokyo-Narita Airport NRT,Transportation Services,,,,1.0
Round trip transfer in private car from-to Narita Airport in Tokyo City Center,Bus Tours,,,,1.5
Hakone Gotemba Full Day Tour from Tokyo with Guide and Vehicle,Photo Shoots,,,,6.0
Experience Asakusa with Local photographer - A Private Session,4WD Tours,,,,1.0
2 Days Drift Japan Tokyo to Ebisu Private Tour,Audio Guides,,,,48.0
Asakusa: Traditional exquisite lunch after history tour,Transportation Services,,,,4.0
Private Haneda Airport Pickup / Drop off (Tokyo),Art Classes,,,,2.0
"45 Minutes Taisho Art Class Live Performance in Asakusa, Tokyo",Transportation Services,,,,0.8
One Way Private Shuttle to Nagano Ski Centers,Food & Drink,,,,9.0
Japanese pub crawl in Tokyo,Food & Drink,,,,2.5
Full-Day Private Tour in New Shibuya,Rail Tours,,,,5.5
Taiko Japanese Drum Experience in Tokyo,Music Classes,,,,2.0
Koto Japanese Traditional Instrument Experience,Photo Shoots,,,,0.8
Private Photo Session with a Local Photographer in Tokyo,Transportation Services,,,,0.5
Transfer in private vehicle from Tokyo Narita Airport to City Center,Transportation Services,,,,1.5
Tokyo And Kanto Private Customized Day Tour,Lunch,,,,6.0
Yanagi gallery in Ginza for private hire With lunch,Public Transportation Tours,,,,1.5
Bonsai and Washi Museum visit in Tokyo,Transportation Services,,,,4.0
Departure Private Transfer from Tokyo City to Narita Airport NRT by Business Car,Historical Tours,,,,1.5
1 Day Seki Mino and National Treasure Inuyama Castle from Nagoya,Art Classes,,,,6.0
Akasaka Japanese Kimono Experience,Fun & Games,,,,2.0
Friends Plan,Historical Tours,,,,2.0
Full Day Tokyo Chartered Taxi Tour,City Tours,,,,6.0
"Tokyo Walking tour 6 hours (Tsukuji Fish Market, Asakusa, Ginza, Imperial Palace",Fun & Games,,,,6.0
Wedding Photo Plan at Roppongi,Transportation Services,,,,3.0
Arrival Private Transfer: Haneda Airport HND to Tokyo in Van,Food & Drink,,,,0.5
Private Guided Bar Hopping with Food and Drink Tour in Shinjuku,Public Transportation Tours,,,,2.0
"Tokyo highlights, High Rise Observatory, Meiji shrine, Imperial palace Garden",Transportation Services,,,,6.0
Private Transfer from Tokyo City to Narita Airport NRT by van,Transportation Services,,,,1.5
Private Round Trip Transfer to Tokio Narita Airport,Audio Guides,,,,1.1
"Watarase Keikoku Railway, Takatsudo Gorge,Illumination at Ashikaga Flower Park",Full-day Tours,,,,6.0
"Private Lunch with Sayuki, the First Western Geisha",Transportation Services,,,,2.0
Transfer in private vehicle from Tokyo City Center to Narita Airport,Full-day Tours,,,,1.5
Private Custom Day Tour in Tokyo City,Transportation Services,,,,6.0
Tokyo Private Transfer from Tokyo central to Narita Airport (NRT),Food & Drink,,,,1.0
Why don't you make Sushi? Sushi Making Experience,,,,,2.5
